request,indonesia_pct,global_median_pct,global_mean_pct,n_countries,gap_pp,ratio
"Adjust text length to meet specific word, character, or page requirements",0.1386577925679423,0.14091939861066244,0.17368023315423903,19,-0.0022616060427201323,0.9839510666024869
Analyze and critique existing literary works and texts,0.1552967276760954,0.20534082544062895,0.22126921661449253,21,-0.05004409776453356,0.7562876371167456
Analyze and extract structured data from technical documents and files,0.1386577925679423,0.1652892561983471,0.16895442666371552,24,-0.026631463630404806,0.838879645036051
Analyze and identify content in shared images,0.1386577925679423,0.17639261732011086,0.18226413614479858,25,-0.03773482475216855,0.7860748067268101
Analyze and interpret uploaded image content,0.3549639489739323,0.1377530305666724,0.1665620518571779,20,0.2172109184072599,2.576814081793503
Analyze and optimize system performance monitoring and operational metrics,0.0998336106489184,0.1370989854675075,0.13617540978678203,18,-0.03726537481858912,0.7281863560732109
Analyze business data and create performance reports with insights,0.1331114808652246,0.1964154186103609,0.19511985103297408,24,-0.06330393774513632,0.6777038269550747
Analyze code for security vulnerabilities and implement security measures,0.1275651691625069,0.17282973912271105,0.17623817766501762,25,-0.04526456996020414,0.7380973309919435
Analyze company financial data and create comprehensive reports,0.1941209095951192,0.185196862098232,0.18993610566153996,22,0.008924047496887216,1.0481868180474556
Analyze controversial political topics and polarizing social issues,0.160843039378813,0.16040872173707885,0.1679119343933234,19,0.00043431764173415544,1.0027075687470788
Analyze documents and create audit reports and compliance assessments,0.1941209095951192,0.15314942870309556,0.16834091908876456,19,0.040971480892023654,1.267526175180538
Analyze fictional media content and develop character profiles,0.1386577925679423,0.2230984746290339,0.2436091116545952,26,-0.0844406820610916,0.6215093706870978
"Analyze geopolitical conflicts, wars, and international security issues",0.2551303383250138,0.1739187504101857,0.1808726608254625,22,0.0812115879148281,1.4669513075691456
"Analyze international trade policies, tariffs, and economic impacts",0.1552967276760954,0.1017260615606746,0.11186348993794552,14,0.0535706661154208,1.526616928774624
Answer multiple unrelated questions across diverse topics,0.3161397670549085,0.2489689644031396,0.2663402004350081,33,0.06717080265176889,1.269795887261689
Build and develop AI chatbot systems and conversational applications,0.2107598447032723,0.2544339311597584,0.27576153563124445,32,-0.04367408645648607,0.828348026313113
Build and develop complete Flutter mobile applications with full features,0.2551303383250138,0.2771699489423778,0.33906985347558655,21,-0.02203961061736398,0.9204834048515631
Build complete React applications and websites from scratch,0.088740987243483,0.1095287456809822,0.15203336696100825,15,-0.020787758437499193,0.8102072811273997
Build comprehensive e-commerce systems and platform integrations,0.1885745978924015,0.1807689633595216,0.1831933680496629,24,0.007805634532879885,1.0431801698024659
Build functional web applications and interactive HTML tools,0.2107598447032723,0.1944647990530409,0.21883569986428994,24,0.016295045650231404,1.0837943202552915
Build healthcare technology applications and digital medical systems,0.2828618968386023,0.3038282357707109,0.29020067903622626,34,-0.020966338932108586,0.9309927897947866
"Calculate financial returns, interest rates, and business profit margins",0.160843039378813,0.2294375304178544,0.2601853215893402,31,-0.06859449103904139,0.7010319501168084
Check if my sentence or text is grammatically correct,0.1663893510815307,0.194300518134715,0.21002167545140765,24,-0.027911167053184305,0.8563505268996114
Compare two items and analyze their differences or similarities,0.0942872989462007,0.1909080062045102,0.20526830558340273,28,-0.0966207072583095,0.4938886577925676
Complete nursing assignments and hospital administrative documents,0.5268996117581808,0.15499968146854445,0.23253888347273113,21,0.3718999302896363,3.399359319748728
Conduct comprehensive financial analysis and strategic business planning,0.1830282861896838,0.15905543363356717,0.17210920203135557,21,0.02397285255611664,1.1507201106461125
Conduct performance evaluations and create assessment frameworks,0.160843039378813,0.1468716341917164,0.15149552791004664,18,0.013971405187096608,1.0951266407838784
"Configure proxy servers, tunnels, and port forwarding for remote access",0.0998336106489184,0.1079102937036689,0.11813796529088107,16,-0.00807668305475051,0.9251537292917598
"Convert, implement, or create web components using Tailwind CSS",0.1941209095951192,0.209366391184573,0.23764559771450705,11,-0.015245481589453797,0.9271827655661615
"Correct grammar, spelling, and punctuation errors in documents and texts",0.14420410427066,0.319536343999677,0.3525034477702503,36,-0.17533223972901701,0.45129171369252996
"Create and analyze humorous content, jokes, and witty responses",0.1109262340543538,0.1811416821697836,0.1983693387629447,23,-0.0702154481154298,0.6123727721065488
Create and design business logos with specific requirements,0.160843039378813,0.1386444835492987,0.1567612305427903,22,0.0221985558295143,1.1601113528734162
Create and develop complete games and game development projects,0.232945091514143,0.3488879197557785,0.3690311046154656,45,-0.11594282824163549,0.6676788685524123
Create and fix web animations and visual effects for websites,0.0831946755407653,0.11208896307678665,0.13072751745817476,16,-0.028894287536021343,0.7422200478719096
Create and improve educational research papers and teaching materials,0.5601774819744869,0.1853467073702573,0.24501635791576892,23,0.37483077460422964,3.022322273335291
Create and improve organizational promotional content and communications,0.2939545202440377,0.25351904687097254,0.2470257039026216,34,0.040435473373065134,1.1594967868179333
Create and improve web scraping scripts for automated data extraction,0.1220188574597892,0.15299817242597602,0.17889139582142535,25,-0.03097931496618682,0.7975183985862622
Create and manage technical documentation systems and workflows,0.1164725457570715,0.2017453317068593,0.21653200280090287,30,-0.0852727859497878,0.5773246140154006
Create and modify Google Apps Script automation workflows,0.1220188574597892,0.0845619071240369,0.114452273791664,10,0.037456950335752304,1.4429529986925411
Create and modify PowerPoint presentations and slides,0.3993344425956739,0.16769448182005509,0.19044707749588025,19,0.23163996077561883,2.3813213068285726
Create and modify process flowcharts and workflow diagrams,0.2995008319467554,0.1246988805441405,0.15064951418446396,15,0.17480195140261492,2.401792467100289
Create and optimize professional profiles and user management interfaces,0.088740987243483,0.07209593439872419,0.08904337843628629,8,0.016645052844758812,1.2308736683084498
Create and optimize prompts for AI image generation tools,0.1497504159733777,0.18515307389884061,0.21180431798163674,25,-0.035402657925462905,0.8087924916396185
Create and optimize social media posts and marketing content,0.160843039378813,0.3016177680285166,0.2996498945151996,37,-0.14077472864970358,0.53326778601321
Create budget tracking and expense management tools and systems,0.1386577925679423,0.15105007382208513,0.16816136128964193,21,-0.012392281254142823,0.9179591181879254
Create children's stories and age-appropriate educational literature,0.1275651691625069,0.0969903965028025,0.10357254894966098,13,0.030574772659704402,1.31523505173856
Create complete HTML web pages and website templates from scratch,0.1663893510815307,0.1636795155086341,0.18262858600773377,24,0.002709835572896585,1.0165557404326118
Create complete business websites and landing pages from scratch,0.2662229617304492,0.2085795731071403,0.24971729523793845,30,0.057643388623308894,1.2763616195230174
Create comprehensive business documents and formal strategic reports,0.2551303383250138,0.2626272977416533,0.28963374370220346,36,-0.00749695941663947,0.9714539978094195
Create comprehensive educational curricula and academic program materials,0.5712701053799224,0.20706116529418694,0.2900083265620528,35,0.36420894008573546,2.7589437380412556
Create comprehensive marketing materials and promotional content packages,0.1164725457570715,0.2976744186046511,0.3151139713698703,38,-0.1812018728475796,0.39127495840266213
Create comprehensive quiz and exam systems with interactive features,0.28840820854132,0.1672098625478248,0.25604314251155474,28,0.12119834599349519,1.7248277353187254
Create custom visual designs and graphics for personal projects,0.1331114808652246,0.1349663784822286,0.14816169060259837,22,-0.0018548976170039977,0.9862565948804187
"Create database schemas, mind maps, and relationship diagrams",0.160843039378813,0.080954035006516,0.12232368969521774,13,0.079889004372297,1.9868440080332836
Create detailed lesson plans and educational materials for K-12 classrooms,0.64891846921797,0.197164585484931,0.3397977058073454,23,0.45175388373303904,3.291252674114571
Create language tests and solve exam questions for students,0.6988352745424293,0.17560406627428785,0.5386819735752353,19,0.5232312082681415,3.9796075875080894
Create mathematics educational materials and teaching resources,0.2828618968386023,0.15749413827072628,0.21713841607597384,23,0.12536775856787602,1.7960153942515227
Create modern website designs with visual effects and animations,0.4270660011092623,0.2507631923244657,0.32535996994645855,36,0.1763028087847966,1.7030649400757194
Create personalized workout plans and fitness tracking applications,0.0998336106489184,0.1640742928397978,0.1598526226853449,22,-0.0642406821908794,0.6084658901830281
Create professional technical and business diagrams with custom formatting,0.1774819744869661,0.178147268408551,0.20418644801263713,24,-0.000665293921584903,0.9962654834535034
Create promotional marketing materials with specific design requirements,0.232945091514143,0.109914886421284,0.131772169118162,16,0.123030205092859,2.119322496693545
Create religious educational content and provide spiritual guidance,0.5712701053799224,0.22160189764311045,0.2490249799458537,28,0.34966820773681195,2.5779116129228825
Create specific data visualizations and charts using programming code,0.160843039378813,0.201078512019011,0.20868328363700248,27,-0.040235472640198,0.7999016790198152
Create viral social media marketing video scripts and content,0.0998336106489184,0.1736775819737795,0.21578080345190662,23,-0.0738439713248611,0.5748215141778661
Create work scheduling systems and attendance management applications,0.2551303383250138,0.1636795155086341,0.174562569227649,25,0.0914508228163797,1.5587188019966718
"Create, modify, and improve business application dashboards and interfaces",0.1996672212978369,0.2005820274595114,0.2342072445049025,35,-0.0009148061616744974,0.9954392416246807
Debug and fix API integrations and third-party service connections,0.2606766500277315,0.3199804989122833,0.3719292914170404,42,-0.05930384888455181,0.8146641777041267
Debug and fix JavaScript syntax and runtime errors,0.3993344425956739,0.3522898842476094,0.3488047663968815,40,0.047044558348064536,1.1335393391965776
Debug and fix PHP programming errors and bugs,0.5879090404880754,0.2507631923244657,0.26575258751953856,23,0.33714584816360965,2.3444790084159255
Debug and fix React Native mobile app development errors,0.1220188574597892,0.12617313114795006,0.21972195957262755,15,-0.004154273688160862,0.9670748149755467
Debug and fix broken features in games and software applications,0.1109262340543538,0.2151668685606145,0.2540828271060785,33,-0.10424063450626071,0.5155358480439327
Debug and fix broken functionality in web applications and websites,0.14420410427066,0.1870541151905342,0.21224289597617285,28,-0.0428500109198742,0.7709218485985888
Debug and fix compilation errors and syntax bugs in programming code,0.21630615640599,0.287852619458837,0.3224696357971342,40,-0.07154646305284701,0.7514475873544094
Debug and fix complex software system failures and technical issues,0.088740987243483,0.1905334937825912,0.19836063044962987,22,-0.10179250653910821,0.4657500656800067
Debug and fix errors in existing Python code,0.2828618968386023,0.436109899694723,0.4628175799196718,54,-0.15324800285612072,0.6486023294509151
Debug and fix errors in existing React applications,0.4991680532445923,0.4069381442955369,0.564687577990607,39,0.09222990894905542,1.226643558098289
Debug and fix existing trading bot code and functionality,0.3383250138657793,0.3008423586040915,0.34053368150242724,36,0.037482655261687814,1.1245923460898504
Debug and fix file upload functionality issues,0.1996672212978369,0.0994312532315157,0.13309310396470078,16,0.1002359680663212,2.0080931780366056
Debug and fix machine learning model training and inference errors,0.0942872989462007,0.2159421650549244,0.24256339693439521,26,-0.12165486610872368,0.43663218307651475
Debug and fix messaging platform bots and chatbots,0.2662229617304492,0.20720514541572999,0.27823712637270087,27,0.059017816314719196,1.2848279476665876
Debug and fix payment processing and financial system technical issues,0.088740987243483,0.142769161861038,0.19747751062345692,22,-0.05402817461755499,0.6215697149630784
Debug and fix software bugs in existing applications,0.4437049362174154,0.3280133163615,0.36321782388089435,41,0.11569161985591542,1.3527040339070042
Debug and fix web development errors and technical issues,0.2440377149195784,0.2635680884228426,0.2810950928689557,38,-0.01953037350326417,0.9259000828964864
Debug and troubleshoot failing software applications and system errors,0.1220188574597892,0.2321981424148606,0.22570518278407362,30,-0.11017928495507139,0.5254945461268257
Debug data processing and business application errors,0.14420410427066,0.2450980392156862,0.2516681473075509,34,-0.10089393494502621,0.5883527454242929
Design and implement enterprise ERP and CRM business management systems,0.2107598447032723,0.21332465464870004,0.22652542720264807,31,-0.0025648099454277373,0.9879769642676726
Design and improve authentication UI components and login pages,0.2273987798114254,0.2159421650549244,0.17679634611462214,11,0.011456614756501005,1.053054088596301
Design enterprise software architecture and create technical documentation,0.160843039378813,0.1657029475701863,0.17418483628357276,23,-0.004859908191373302,0.9706709611226753
Develop academic management systems and educational databases,0.2828618968386023,0.1367299942429476,0.16419160241143535,22,0.1461319025956547,2.0687625886680094
Develop and debug computer vision AI systems and implementation code,0.1331114808652246,0.1989356109339316,0.21374833557529638,23,-0.06582413006870702,0.6691184159553624
Develop and deploy healthcare AI systems and medical data analysis tools,0.1275651691625069,0.15198421278532032,0.1439850401762644,18,-0.024419043622813413,0.8393317096868105
Develop and modify React Native mobile applications and components,0.1109262340543538,0.1853467073702573,0.24066639911733853,19,-0.0744204733159035,0.598479658086196
Develop automated trading systems and technical analysis strategies,0.5490848585690515,0.39075269960588,0.47246730384103514,50,0.15833215896317154,1.4051978633106519
Develop comprehensive social media marketing strategies and content,0.1996672212978369,0.2815051140095712,0.2933042898300467,32,-0.08183789271173428,0.7092845257903493
Develop inventory management and supply chain systems,0.2273987798114254,0.1599110060488076,0.1928063441673475,24,0.0674877737626178,1.422033326099014
Develop speech processing and voice interface applications,0.1053799223516361,0.2076196408180213,0.2304597883023751,27,-0.10223971846638522,0.5075623960066554
Diagnose and treat skin conditions and dermatological problems,0.1164725457570715,0.209866832149378,0.20084877162630463,26,-0.09339428639230651,0.5549831031621482
Diagnose car problems and provide automotive technical support,0.0942872989462007,0.22014988962280518,0.2156406826093813,26,-0.1258625906766045,0.4282868327017937
Draft and edit formal legal documents and court filings,0.1109262340543538,0.13825360497988584,0.3254602726888882,17,-0.027327370925532043,0.8023388183656561
Draft and refine job application and career-related professional emails,0.1109262340543538,0.2969121140142517,0.3375345066002112,34,-0.1859858799598979,0.3735995562950637
Draft and revise formal government and institutional correspondence,0.3383250138657793,0.2422671518405911,0.2673608910134183,31,0.09605786202518818,1.3964956094765713
Draft new emails and messages from scratch for various purposes,0.1331114808652246,0.47761883830923074,0.4653414781895841,47,-0.3445073574440062,0.2786981379051941
"Draft polite decline, withdrawal, termination, and farewell messages",0.1053799223516361,0.15552325548035573,0.15881718050239368,17,-0.05014333312871963,0.6775830535835634
"Draft, review, analyze, and modify legal contracts and agreements",0.088740987243483,0.2278741821588866,0.25013321457859305,32,-0.1391331949154036,0.38942975638024596
Edit and improve existing written texts for better quality and flow,0.3105934553521908,0.2772889670985975,0.2946391888096425,36,0.03330448825359328,1.1201075131191605
"Edit and modify existing podcast, video, and audio scripts",0.21630615640599,0.13708479072092125,0.18623818341298057,19,0.07922136568506874,1.5779004750887973
Edit and revise existing business and professional documents,0.2052135330005546,0.3003003003003003,0.31930140762892356,38,-0.09508676729974572,0.6833610648918468
Enhance React component visual design and aesthetics,0.2939545202440377,0.2599404847705473,0.3144769541081123,23,0.034014035473490356,1.1308531662680978
Evaluate and grade academic assignments using rubrics and scoring criteria,0.2384914032168607,0.18061943070267822,0.22209044666055414,23,0.05787197251418247,1.3204083430505704
Explain AI system capabilities and provide technical guidance,0.1830282861896838,0.344418052256532,0.3442514678583162,46,-0.16138976606684818,0.5314131619714269
Explain Python programming concepts and provide educational guidance,0.1109262340543538,0.1898019039965087,0.2069245347394069,26,-0.0788756699421549,0.5844316190652873
"Explain accounting and finance concepts, standards, and calculations",0.2939545202440377,0.1868576767362192,0.22083114966540887,26,0.10709684350781848,1.5731466075060088
"Explain esoteric and occult spiritual practices, symbols, and traditions",0.088740987243483,0.1014598951581083,0.10936611493251623,16,-0.012718907914625294,0.8746410303814626
Explain neural network architectures and implement deep learning concepts,0.0831946755407653,0.2346577576263771,0.277696843422757,24,-0.15146308208561182,0.354536224935841
Explain philosophical concepts and engage in philosophical discussions,0.2273987798114254,0.226422524118921,0.2332741457082917,30,0.0009762556925043964,1.0043116544888955
Explain professional concepts and help create business deliverables,0.3161397670549085,0.31442129680737096,0.3337858327017611,45,0.001718470247537518,1.005465502066771
"Explain programming concepts, syntax, and code functionality",0.1830282861896838,0.2408068445804294,0.23897249238531595,30,-0.05777855839074558,0.7600626406968778
Explain technology innovation concepts and societal impacts,0.1885745978924015,0.09919229134193,0.11776324355354315,16,0.0893823065504715,1.9011013390381104
Explain the differences between two or more specific concepts or terms,0.14420410427066,0.19304200549976946,0.20085661189473114,25,-0.04883790122910947,0.7470089419001203
"Explain the meaning of specific terms, acronyms, and concepts",0.3161397670549085,0.4419677925830587,0.4301920125560935,49,-0.1258280255281502,0.7153004638805136
Extract and convert image data into structured formats,0.1663893510815307,0.1037667323855971,0.11351729878832897,14,0.0626226186959336,1.6034941763727124
Extract and organize document data into structured tables,0.343871325568497,0.19212000104209437,0.2259709037021871,27,0.1517513245264026,1.78987780399373
Extract and transcribe text from images using OCR technology,0.160843039378813,0.23057139507771124,0.278778026268621,41,-0.06972835569889824,0.6975845348231633
Find and analyze existing academic papers and research publications,0.3383250138657793,0.1239193083573487,0.147134734734354,16,0.21440570550843058,2.730204181661056
Find information about specific named individuals,0.088740987243483,0.17015294495966193,0.18879828029767964,24,-0.08141195771617893,0.5215365932368716
"Fix Flutter/Dart app bugs, compilation errors, and technical issues",0.3494176372712146,0.25183993122129533,0.40060480062232995,26,0.09757770604991928,1.3874592308563505
Fix HTML CSS JavaScript layout styling and responsiveness issues,0.2218524681087077,0.21787137748666385,0.2468886410920306,31,0.0039810906220438536,1.0182726646701792
Fix React API integration and backend connectivity issues,0.1497504159733777,0.2314049586776859,0.27524650912581794,17,-0.08165454270430819,0.6471357261706681
Fix TypeScript compilation errors and type-related issues,0.2551303383250138,0.24408163539785835,0.32598676160302226,33,0.011048702927155457,1.0452664245269654
Fix and implement dropdown menus and form input components,0.1386577925679423,0.1146739437545677,0.13809079202093177,12,0.023983848813374606,1.2091481990425508
Fix and improve existing websites and web applications,0.2273987798114254,0.2273987798114254,0.25980176743566447,33,0.0,1.0
Fix and improve video game development code and features,0.14420410427066,0.2920522412548402,0.3242616596537013,38,-0.1478481369841802,0.4937613341060778
Fix and style HTML/CSS table layouts and web components,0.2495840266222961,0.1181334908446544,0.1498619348790946,18,0.1314505357776417,2.1127287853577377
Fix bugs and modify styling in existing chart and visualization code,0.1109262340543538,0.16199767243966715,0.172958537697114,21,-0.05107143838531335,0.6847396779460896
Fix document formatting and text rendering issues,0.1220188574597892,0.1589434459934432,0.16266544285543105,22,-0.036924588533654004,0.7676872531430001
Fix mobile and web application UI layout and display issues,0.21630615640599,0.1689982161299408,0.16702295553278246,20,0.047307940276049204,1.279931595489
Fix styling and layout issues in React components,0.2662229617304492,0.27250775081331147,0.4134836925853452,27,-0.0062847890828622854,0.976937209807409
Fix web application UI bugs and functionality issues,0.3660565723793677,0.2627381064089331,0.28162827596052614,34,0.10331846597043459,1.3932374613739005
"Fix, modify, and complete existing Python code files and scripts",0.1109262340543538,0.1901724750365241,0.20531447608180736,25,-0.0792462409821703,0.5832927926770136
Format and create educational documents and study materials,0.2273987798114254,0.1783870059149375,0.19226034647977389,22,0.04901177389648789,1.2747496861955225
Generate and modify complete JavaScript code implementations,0.232945091514143,0.21067363994534494,0.21234971781043877,27,0.022271451568798062,1.1057154163880016
"Generate creative names for businesses, products, services, and projects",0.1996672212978369,0.2180549498473615,0.22134754410700813,25,-0.018387728549524612,0.9156738768718801
Get comprehensive programming assistance and collaborative coding support,0.1774819744869661,0.18847725452218533,0.19704380385520498,25,-0.01099528003521924,0.941662562609511
"Get mobile device information, recommendations, and technical support",0.2107598447032723,0.1972386587771203,0.21774378828368138,28,0.013521185926152007,1.0685524126455908
Help analyze and manage existing YouTube and TikTok video content,0.232945091514143,0.2079002079002079,0.22154373122233334,29,0.025044883613935087,1.1204658901830278
Help build and troubleshoot video streaming and camera system applications,0.0998336106489184,0.093339322008933,0.10216333364917615,13,0.006494288639985399,1.0695771996218686
Help compose personal heartfelt messages for relationships and life events,0.1386577925679423,0.2093868372946607,0.2224747843832374,26,-0.0707290447267184,0.6622087346054872
Help create and fix website navigation menus and mobile navbars,0.1941209095951192,0.1034085033607763,0.14112124464798148,15,0.09071240623434292,1.8772238576731097
Help create and format professional documents in specific file formats,0.3882418191902385,0.2085564511583338,0.2358805667363724,32,0.17968536803190469,1.8615670579064922
Help create and improve professional presentations and slide decks,0.3716028840820854,0.2582644628099174,0.27896325904071495,29,0.11333842127216803,1.4388463671658345
Help create and manage invoice and billing systems,0.1275651691625069,0.1502206365599474,0.1466384591707695,21,-0.02265546739744051,0.8491853854686632
Help create and plan video content and AI generation prompts,0.2773155851358846,0.2803935099687273,0.2939304469875584,33,-0.0030779248328426934,0.9890228385343656
Help create and refine social media post content and writing,0.1164725457570715,0.3346286701208981,0.35962934277069925,43,-0.2181561243638266,0.34806505286887435
"Help create birthday messages, cards, and celebration content",0.160843039378813,0.1582788849961645,0.20502428335624429,21,0.002564154382648509,1.0162002302626194
Help create grammar exercises and explain grammatical concepts,0.4825291181364393,0.2209756926738059,0.2663836381931832,26,0.2615534254626334,2.1836298476897475
"Help create, improve, and customize resumes and CVs",0.2551303383250138,0.4209844559585492,0.48333450208167444,53,-0.16585411763353541,0.6060326805751097
Help customize and modify Flutter UI components and layouts,0.2606766500277315,0.3095975232198142,0.3392829258985247,17,-0.048920873192082714,0.8419855795895728
"Help debug, optimize, and implement machine learning models and workflows",0.1552967276760954,0.3073140749846342,0.3128276073334853,36,-0.1520173473085388,0.5053355518580146
Help design and implement mobile app UI layouts and responsive interfaces,0.2551303383250138,0.1407992169987579,0.20055097992125723,22,0.11433112132625592,1.81201532056293
Help design and troubleshoot smart home automation systems and IoT devices,0.088740987243483,0.0930187016547537,0.12904197511921547,14,-0.0042777144112707,0.9540123186502024
Help determine and calculate physical dimensions and measurements,0.0831946755407653,0.08488508323978305,0.08199092826126993,11,-0.0016904076990177513,0.9800859275328423
Help develop and customize e-commerce website interfaces and functionality,0.1331114808652246,0.0985267899033499,0.13176480570557245,14,0.03458469096187469,1.3510181443625702
Help develop and debug time series forecasting and prediction models,0.1164725457570715,0.0799872020476723,0.08429202214796144,12,0.036485343709399196,1.4561397670549092
Help develop and deploy full-stack Node.js web applications,0.1719356627842485,0.1521898427371625,0.15171044610316994,18,0.019745820047086,1.1297446642427231
Help develop and integrate messaging applications and chat systems,0.2384914032168607,0.1909331244492313,0.22313877861034637,30,0.047558278767629386,1.2490834364378456
Help develop and modify business application forms and interfaces,0.2773155851358846,0.18900381106832095,0.20339831929785795,25,0.08831177406756366,1.4672486420691315
Help develop and troubleshoot email system functionality and integrations,0.1331114808652246,0.24790915345411665,0.24453973173902252,34,-0.11479767258889206,0.5369365310259149
Help develop comprehensive software testing scripts and frameworks,0.14420410427066,0.21454945352548643,0.2290435882693455,29,-0.07034534925482644,0.672125246189592
Help develop digital design tools and interactive creative applications,0.1830282861896838,0.164518782561009,0.18255488461717864,24,0.018509503628674817,1.1125069328896284
Help develop image processing and management software applications,0.2107598447032723,0.1876700760063808,0.19957122186598536,26,0.0230897686968915,1.1230338325013864
Help develop restaurant business operations and food service applications,0.1552967276760954,0.146238917832008,0.15705712694900853,23,0.009057809844087411,1.0619384359401003
Help draft and analyze personal text messages for relationships,0.0998336106489184,0.2007245667286791,0.22135286540943325,24,-0.10089095607976072,0.49736617832068475
Help edit and revise existing novel manuscripts for publication,0.2606766500277315,0.36892681501633295,0.44922347983006233,35,-0.10825016498860146,0.7065809245017631
Help estimate costs and pricing for specific goods and services,0.1109262340543538,0.1701001701001701,0.1732597745771485,23,-0.05917393604581629,0.6521230048684289
Help format and manage academic citations and bibliographies,0.4880754298391569,0.2433428352916637,0.2952504768774997,33,0.24473259454749322,2.005711116393313
Help implement UI layout modifications and component positioning,0.1164725457570715,0.12480468370317291,0.14777630667895006,21,-0.008332137946101409,0.9332385796840925
Help implement and design authentication systems for web applications,0.160843039378813,0.21168651059204416,0.23535557021452927,31,-0.050843471213231156,0.7598171415314453
Help implement and execute data deletion and removal operations,0.088740987243483,0.1227596366314755,0.12665976215424235,20,-0.0340186493879925,0.722884082085413
Help implement and fix data validation systems and logic,0.088740987243483,0.0912880126233367,0.10149175048803631,14,-0.0025470253798536985,0.9720990159971717
Help implement cryptographic algorithms and encryption solutions,0.1275651691625069,0.1140315867495296,0.11836685597965134,16,0.013533582412977307,1.1186827509706045
Help implement multilingual features and communicate in specific languages,0.1885745978924015,0.3305832866415007,0.4005008790061343,29,-0.14200868874909922,0.5704299204239572
Help implement search and filtering functionality in software applications,0.0831946755407653,0.0883364748769821,0.09980209529253475,15,-0.005141799336216793,0.9417930210213019
Help improve and edit academic essays and personal statements,0.3771491957848031,0.26273408543634347,0.2817297787663391,34,0.11441511034845964,1.4354787471082837
Help me access previous conversations and understand AI memory limitations,0.1386577925679423,0.22968355582635214,0.23420186064420848,27,-0.09102576325840983,0.6036905518511385
Help me build and deploy complete web applications from scratch,0.2384914032168607,0.2289576973397296,0.2437382787328486,32,0.009533705877131093,1.0416395953833555
Help me understand and use AI image generation capabilities,0.1552967276760954,0.15955587384268105,0.18755148994058154,27,-0.004259146166585653,0.9733062402278898
Help modify and troubleshoot CSS styling code for existing websites,0.21630615640599,0.23066315788012665,0.26704309354652755,37,-0.014357001474136655,0.9377577173308368
Help modify colors and visual themes in web and mobile applications,0.2939545202440377,0.2127833701612243,0.2337056667224882,30,0.08117115008281336,1.381473185716114
Help modify database schemas and SQL scripts for table structure changes,0.1164725457570715,0.172836741337945,0.16988850710853431,28,-0.056364195580873494,0.673887651754175
Help navigate elderly care services and disability benefits systems,0.1220188574597892,0.1565654588339963,0.1571370152027331,18,-0.034546601374207106,0.7793472351341794
Help organize and configure software project files and structures,0.0942872989462007,0.17006553446221545,0.19066856282193173,24,-0.07577823551601474,0.5544174441009334
Help prepare comprehensive job interview materials and practice sessions,0.1164725457570715,0.2741603838245374,0.3076046724055829,37,-0.1576878380674659,0.4248336106489182
Help research product prices and implement pricing systems,0.1885745978924015,0.20996778625810886,0.22614711898626935,30,-0.02139318836570736,0.8981120449619392
Help resolve authentication and login access issues,0.1386577925679423,0.2034521231213493,0.22465355420344724,32,-0.064794330553407,0.6815254146315282
Help revise and edit academic papers for publication submission,0.4603438713255685,0.23801733059609548,0.27675809006298524,30,0.222326540729473,1.9340771118333016
Help solve statistics problems and explain statistical concepts,0.232945091514143,0.1811416821697836,0.2204166609942769,25,0.0518034093443594,1.2859828214237528
Help translate and improve professional business documents and emails,0.232945091514143,0.32872047736471127,0.32479323769618085,29,-0.09577538585056827,0.7086418630856797
Help troubleshoot and fix mobile app bugs and device issues,0.2107598447032723,0.2569130849474385,0.3001579504061761,37,-0.04615324024416617,0.8203546531948398
Help troubleshoot compilation errors and development environment issues,0.1497504159733777,0.25697849128453176,0.2658061868679611,34,-0.10722807531115405,0.5827352134602232
Help troubleshoot git operations and GitHub repository management,0.1885745978924015,0.3035832921495085,0.31958173726426875,38,-0.11500869425710702,0.6211626356549701
Help troubleshoot hardware failures and system-level device malfunctions,0.1164725457570715,0.1388180633463652,0.15244375635421414,18,-0.022345517589293706,0.8390301877822675
Help troubleshoot software installation and package management errors,0.1164725457570715,0.2130286604840101,0.21358629901872048,27,-0.09655611472693859,0.5467458955637282
Help troubleshoot web application errors and API connectivity issues,0.1830282861896838,0.1751781604081874,0.20682044253127832,29,0.007850125781496409,1.0448122400829225
Help with 3D modeling programming and interactive graphics development,0.0942872989462007,0.14040862815915114,0.15601844027275252,19,-0.04612132921295044,0.6715206905898078
"Help with API development, implementation, integration, and usage",0.160843039378813,0.2480729198394956,0.2848040384026172,41,-0.08722988046068259,0.6483700013805588
"Help with Android app development, debugging, and programming tasks",0.2662229617304492,0.22656534312204324,0.25557926825264515,25,0.03965761860840594,1.1750383269653193
Help with Docker development workflows and containerization setups,0.0942872989462007,0.2033190460490163,0.23088854921397425,30,-0.10903174710281559,0.4637406124926922
Help with Excel and Google Sheets formulas and VBA code,0.1774819744869661,0.18543747409921585,0.1961156373401176,27,-0.007955499612249756,0.9570987490479229
Help with Excel spreadsheet operations and programming tasks,0.2662229617304492,0.3172466833301288,0.3363016181110346,43,-0.051023721599679606,0.8391670448242826
Help with GIS software and geospatial data analysis tasks,0.1719356627842485,0.2086931491076569,0.20591654678061852,29,-0.03675748632340842,0.823868265534454
"Help with JSON data processing, formatting, and conversion tasks",0.1220188574597892,0.2297682119924384,0.25528150397782773,31,-0.10774935453264921,0.5310519518853408
"Help with PDF file processing, coding, and document operations",0.3050471436494731,0.37227323060407436,0.41697779178362887,45,-0.06722608695460125,0.8194173487964314
Help with Python GUI development and framework conversion projects,0.088740987243483,0.08587718657598035,0.08767977497967407,12,0.00286380066750265,1.0333476302809348
Help with Python data analysis and processing tasks,0.1109262340543538,0.19903632296720236,0.22604167599742844,25,-0.08811008891284856,0.557316536000479
"Help with URL routing, redirects, and web development configuration",0.088740987243483,0.08843198387925641,0.09565321570680671,15,0.00030900336422659547,1.003494248920713
"Help with Vue.js component development, debugging, and enhancement tasks",0.3826955074875208,0.19734982665641185,0.2281490633101756,26,0.18534568083110894,1.9391732639005443
Help with academic research writing and methodology development,0.704381586245147,0.16834737402999606,0.24357764896400794,23,0.5360342122151509,4.184096071018255
Help with academic writing and research on AI-related topics,0.1719356627842485,0.22917310677449484,0.23524962128964638,27,-0.057237443990246356,0.7502436267682677
Help with audio equipment setup and technical troubleshooting,0.0998336106489184,0.2455228191796649,0.2687801978017603,36,-0.14568920853074652,0.4066164236077124
Help with biology and life sciences education and learning,0.3716028840820854,0.12085527085815445,0.16680334504711086,19,0.25074761322393097,3.0747759815807183
"Help with calendar management, event scheduling, and meeting organization",0.088740987243483,0.1813043246413907,0.18714794065301027,25,-0.0925633373979077,0.4894587452285402
"Help with camera functionality, photography equipment, and photo capture",0.0998336106489184,0.1442030378773312,0.14522758455833368,20,-0.04436942722841282,0.6923128119800331
Help with chemistry education problems and coursework,0.5102606766500277,0.1464532219708833,0.37744837192181646,18,0.36380745467914444,3.4841205251972793
Help with college and graduate school applications and enrollment,0.2995008319467554,0.2439961575408261,0.2350223806077623,28,0.05550467440592932,1.2274817561282378
Help with comprehensive Java programming development and learning tasks,0.14420410427066,0.26059116968207874,0.2603368396188014,31,-0.11638706541141874,0.5533729498454956
"Help with criminal law procedures, documents, and case analysis",0.232945091514143,0.1759718445048792,0.23076539686707798,23,0.05697324700926379,1.3237634245953709
Help with cultural studies research and cross-cultural analysis projects,0.3050471436494731,0.12942751487352339,0.15379090642530946,15,0.17561962877594972,2.3568956256910694
Help with currency conversion and foreign exchange tasks,0.0998336106489184,0.1051328468606336,0.11001881097786134,14,-0.0052992362117152,0.9495948566984019
"Help with cybersecurity education, training, and career development",0.160843039378813,0.2013152596966849,0.2485134042042417,34,-0.0404722203178719,0.7989609909410242
"Help with database design, architecture, implementation, and management",0.28840820854132,0.30842043497134897,0.33351754775095926,40,-0.02001222643002898,0.9351138116646258
Help with database migration tasks and resolving migration errors,0.1830282861896838,0.1983423432390455,0.20211526447311584,28,-0.015314057049361701,0.922789774491547
"Help with date calculations, formatting, and datetime programming tasks",0.1830282861896838,0.1667552923566334,0.15972294722428684,23,0.01627299383305042,1.0975860712009546
"Help with dating app profiles, messaging, and courtship strategies",0.1109262340543538,0.1736587149255095,0.17141298218372003,20,-0.0627324808711557,0.6387599614677291
Help with digital advertising campaign management and optimization,0.1053799223516361,0.14216323703896475,0.15074401852664118,23,-0.03678331468732865,0.7412600088921237
Help with electrical engineering coursework and circuit analysis problems,0.1830282861896838,0.1015981416114195,0.11126685169529238,14,0.08143014457826431,1.8014924612470635
Help with embedded systems programming and industrial automation projects,0.1109262340543538,0.15538952874761175,0.1818233769934037,21,-0.04446329469325795,0.7138591316183438
Help with environmental and geoscience data analysis and modeling,0.0998336106489184,0.07085296652740385,0.08280960360370677,8,0.02898064412151455,1.4090251339060826
Help with ethics-related academic assignments and professional projects,0.1331114808652246,0.1051377666112691,0.12022051602416994,13,0.027973714253955492,1.266067229270563
Help with film and television screenplay writing and production tasks,0.1164725457570715,0.1473171284492039,0.16121037196517643,18,-0.03084458269213239,0.7906246000255982
Help with fluid mechanics and computational fluid dynamics problems,0.088740987243483,0.0797597823027118,0.07841158283519814,12,0.008981204940771204,1.1126031777103516
Help with general PHP programming tasks and troubleshooting,0.6988352745424293,0.3591577454755617,0.34274929780846974,29,0.33967752906686766,1.9457613913270888
Help with industrial engineering systems and technical documentation,0.1164725457570715,0.1028431781245657,0.1139657804816985,17,0.013629367632505801,1.1325257336563213
"Help with internship applications, reports, and documentation",0.4104270660011093,0.09889617799878404,0.147868507783649,11,0.31153088800232526,4.150080157861668
"Help with linear algebra, matrix operations, and computational mathematics",0.1552967276760954,0.08939764254064306,0.10106685325105526,11,0.06589908513545234,1.737145670317788
Help with mathematical logic and theoretical computer science concepts,0.1497504159733777,0.11857507175949969,0.1294047987759555,15,0.03117534421387802,1.2629165114663352
Help with medical education applications and exam preparation,0.1053799223516361,0.17617365217265774,0.19141735915100921,17,-0.07079372982102164,0.5981593788403685
"Help with microbiology research, education, and laboratory analysis",0.160843039378813,0.0673469941274965,0.09658519410104782,8,0.0934960452513165,2.388273470294999
Help with mobile game development and mobile gaming assistance,0.0998336106489184,0.0835222527144732,0.09832102793575107,13,0.0163113579344452,1.1952935583551219
"Help with music discovery, creation, production, and industry tasks",0.14420410427066,0.28527664512419226,0.2919062483211249,35,-0.14107254085353227,0.5054886431655918
"Help with news article writing, editing, and journalism tasks",0.1941209095951192,0.2001752179899448,0.26307808594096876,25,-0.006054308394825597,0.9697549554054702
Help with numerical computations and programming number formatting tasks,0.232945091514143,0.1658900936656941,0.17749057272292373,24,0.0670549978484489,1.4042133943427617
Help with organizational management and leadership development tasks,0.4270660011092623,0.362367467454033,0.3635515490750021,40,0.06469853365522932,1.1785439904685606
Help with payment processing systems and credit card services,0.2662229617304492,0.2086931491076569,0.21926666872793105,29,0.057529812622792276,1.2756669917952832
Help with personal color analysis and aesthetic color coordination,0.0998336106489184,0.0988273751829256,0.10157436588979173,14,0.0010062354659927941,1.0101817483681044
"Help with personal name suggestions, etymology, and name processing tasks",0.1220188574597892,0.1082890332742665,0.14585507899775438,16,0.013729824185522696,1.126788685524127
Help with physics problem solving and educational content creation,0.3937881308929561,0.14455312275420729,0.18553799207818364,19,0.24923500813874883,2.7241758835091976
"Help with poetry creation, analysis, and improvement tasks",0.3050471436494731,0.1634301095943088,0.23561070575710127,22,0.14161703405516432,1.8665296401422466
"Help with printer setup, troubleshooting, and print software development",0.1053799223516361,0.0894899639551512,0.0966901027424812,11,0.015889958396484896,1.1775613453643619
Help with social justice and inequality academic research and writing,0.5268996117581808,0.1921651414099475,0.2515399190880812,22,0.3347344703482333,2.7419104624919535
Help with social media platform operations and data analysis,0.1996672212978369,0.2154117301478507,0.43911262724813493,32,-0.0157445088500138,0.9269096959612768
Help with software development workflow and project maintenance tasks,0.0942872989462007,0.146238917832008,0.15076727021831235,20,-0.05195161888580728,0.644748336106489
"Help with time calculations, duration tracking, and timer programming",0.1109262340543538,0.142539483436912,0.14836552563979954,20,-0.0316132493825582,0.7782140876317246
"Help with traditional card, board, gambling and puzzle games",0.088740987243483,0.2036503362151777,0.21928503874110689,29,-0.11490934897169469,0.43575173453049915
Help with video processing programming and technical development tasks,0.088740987243483,0.1295336787564767,0.14357057812297752,20,-0.040792691512993695,0.6850804215196887
"Help with visual art education, analysis, and creative projects",0.1497504159733777,0.15034938269299586,0.15350854801546004,19,-0.0005989667196181492,0.9960161677494799
"Help with vocabulary games, word puzzles, and educational word activities",0.232945091514143,0.23729009472850776,0.24883561772697071,30,-0.004345003214364762,0.9816890662067624
Help with workflow automation platform setup and configuration,0.1386577925679423,0.2016269206702357,0.19698532952726658,27,-0.06296912810229338,0.6876948381050739
Help with workplace safety and risk management documentation,0.2440377149195784,0.1497109247313104,0.19501091823583555,21,0.094326790188268,1.6300594987143286
Help write and improve cover letters for job applications,0.14420410427066,0.3675759334494099,0.39560725533514174,32,-0.22337182917874993,0.39231106051317977
Help write and modify specific SQL queries for data retrieval and analysis,0.0998336106489184,0.1756198347107438,0.18075443936997523,26,-0.0757862240618254,0.5684643241656059
Help write and revise academic thesis and research paper sections,0.6988352745424293,0.19006762839514305,0.2883734163343028,31,0.5087676461472863,3.676771686178872
"Help write, debug, optimize, and explain SQL queries",0.1275651691625069,0.22748537453607393,0.23318075230313057,29,-0.09992020537356702,0.5607620684303729
"Help write, edit, and format medical documents and academic content",0.2495840266222961,0.22827365552785317,0.24684909023643628,29,0.02131037109444292,1.09335449176194
"Identify objects, people, plants, or items shown in provided images",0.0831946755407653,0.2086931491076569,0.22404030378616818,27,-0.1254984735668916,0.3986459349360257
Implement OAuth authentication and API token management systems,0.1497504159733777,0.19189098002593846,0.19753582833327513,27,-0.04214056405256075,0.780393200103181
Implement and fix scrolling functionality in web and mobile applications,0.1164725457570715,0.06717427914449356,0.07391982711489108,9,0.04929826661257794,1.7338860534183944
"Implement and optimize carousels, sliders, and card animations",0.088740987243483,0.07664796153706716,0.1121403696926758,8,0.01209302570641585,1.1577736115078237
Implement specific web application frontend features and UI modifications,0.1220188574597892,0.0999884974619444,0.13384044805403505,18,0.022030359997844806,1.22032894339901
Improve and beautify existing UI code styling and visual design,0.1885745978924015,0.1566630764711642,0.18719790516448215,22,0.03191152142123729,1.2036952301719352
Improve and refine scientific manuscript writing and formatting,0.2273987798114254,0.1411038918422261,0.14737338494923224,16,0.08629488796919929,1.611569864179856
Improve and reformat existing legal document writing and structure,0.1164725457570715,0.11841259675766105,0.22748624681742263,19,-0.0019400510005895544,0.9836161772166859
Interpret personal medical test results and explain health conditions,0.1774819744869661,0.23270077925701194,0.2623942560773356,35,-0.05521880477004584,0.762704684761463
"Modify AI communication style to be more direct, critical, or human-like",0.1663893510815307,0.2219020172910662,0.23024981390674618,26,-0.055512666209535516,0.7498325301985866
Modify and fix existing HTML files and code structures,0.3105934553521908,0.26748776796469464,0.25357307852015165,33,0.04310568738749615,1.161150125538397
Modify existing React components for enhanced functionality and structure,0.1331114808652246,0.1816268645063475,0.28018525389512206,16,-0.0485153836411229,0.7328843187763813
Modify existing React components to change behavior and functionality,0.1275651691625069,0.1275651691625069,0.23350567194740207,14,0.0,1.0
Optimize job applications and recruitment processes using ATS matching,0.1830282861896838,0.3518036640569569,0.3873832152017032,44,-0.1687753778672731,0.5202569071595899
Process meeting transcripts into summaries and structured documentation,0.0831946755407653,0.20652550193270144,0.2358975104461069,26,-0.12333082639193614,0.4028300367858454
Provide AI business consulting and strategic development assistance,0.1164725457570715,0.3280133163615,0.34413034748783106,40,-0.2115407706044285,0.35508480890058847
Provide AI education guidance and create comprehensive learning materials,0.0998336106489184,0.1247655123907329,0.13772125868396382,17,-0.024931901741814505,0.8001699246524607
"Provide JavaScript programming education, explanations, and code analysis",0.1830282861896838,0.22477417988253895,0.24153690944282163,29,-0.04174589369285514,0.8142762940357721
Provide K-12 teaching and school administration support materials,0.6600110926234054,0.24435674032913204,0.3076294362952628,30,0.4156543522942734,2.701014474716003
Provide Laravel framework development assistance and troubleshooting,0.7986688851913478,0.21254071186776435,0.3047905553333076,14,0.5861281733235835,3.757721888539889
Provide TypeScript development assistance and code guidance,0.0998336106489184,0.1882314428349292,0.20540366579846342,24,-0.08839783218601081,0.5303769080517974
Provide advanced statistical analysis and modeling for research projects,0.2606766500277315,0.139127588182339,0.15662768556828024,16,0.12154906184539249,1.8736517568757944
Provide advice for workplace conflicts and interpersonal challenges,0.1220188574597892,0.1652892561983471,0.18342981494973645,22,-0.04327039873855791,0.7382140876317247
Provide assistance with energy systems and renewable technology analysis,0.1331114808652246,0.1524115235553564,0.17350976547474023,21,-0.019300042690131802,0.873368875004245
Provide banking services information and financial institution assistance,0.2107598447032723,0.1852000063792379,0.193552798332812,25,0.025559838324034412,1.1380120812290633
"Provide beauty, skincare, and grooming advice with product recommendations",0.2495840266222961,0.24688044496207034,0.2683728726857507,32,0.0027035816602257456,1.010950975321845
Provide biblical study assistance and theological analysis of scriptures,0.3716028840820854,0.2059232934985126,0.2041030642119047,22,0.16567959058357282,1.8045694480152121
"Provide book information, recommendations, and reading management tools",0.14420410427066,0.25448353061661944,0.26814368333452937,32,-0.11027942634595944,0.566653975293608
Provide chemistry and materials science education and research assistance,0.1109262340543538,0.0552353506243996,0.07095847471074662,9,0.0556908834299542,2.0082471243579536
Provide climate science and environmental education assistance,0.14420410427066,0.0878236727293331,0.09658887509945273,14,0.056380431541326895,1.6419730556599217
Provide comprehensive SEO optimization services for business websites,0.088740987243483,0.16876092098563245,0.1930963744412457,23,-0.08001993374214944,0.5258384863343927
Provide comprehensive blockchain and cryptocurrency technology assistance,0.2273987798114254,0.2207398426220767,0.7773105527988114,31,0.006658937189348707,1.0301664489303335
Provide comprehensive business strategy and startup development guidance,0.2551303383250138,0.3006724303554274,0.3155209553392357,39,-0.045542092030413595,0.8485325309787203
Provide comprehensive construction and engineering project support,0.1331114808652246,0.1763085399449036,0.22367904930602753,27,-0.043197059079678995,0.7549916805324457
Provide comprehensive creative writing feedback and development assistance,0.21630615640599,0.3009235239182318,0.32455912749337185,34,-0.0846173675122418,0.7188077342360434
Provide comprehensive debt and credit management advice and analysis,0.1331114808652246,0.1520421156660394,0.16141471755592757,18,-0.018930634800814805,0.8754908485856908
Provide comprehensive dental and oral healthcare assistance,0.0998336106489184,0.10774769687718674,0.11438598718205881,15,-0.00791408622826835,0.9265498339394762
Provide comprehensive fashion styling advice and clothing recommendations,0.0998336106489184,0.17898866489684445,0.18213089029529173,23,-0.07915505424792606,0.5577649886737518
Provide comprehensive foreign language learning instruction and guidance,0.5102606766500277,0.3480387801837914,0.38367912648918284,35,0.1622218964662363,1.4661029336459879
Provide comprehensive guidance for traditional racket and ball sports,0.0831946755407653,0.0850219640073685,0.09472922091089994,10,-0.0018272884666031969,0.9785080421519687
Provide comprehensive life coaching and personal development guidance,0.2773155851358846,0.2169421487603305,0.2175944865916671,25,0.06037343637555412,1.2782927924358876
Provide comprehensive marketing analysis and strategic business consulting,0.3826955074875208,0.3348837209302325,0.3234500273818443,40,0.047811786557288294,1.1427713070807914
Provide comprehensive nutrition guidance and meal planning advice,0.3272323904603438,0.22594692007843692,0.22257174337530186,28,0.10128547038190688,1.4482710821937554
Provide comprehensive stock analysis and investment recommendations,0.2273987798114254,0.3617234524651388,0.37408586705381175,36,-0.13432467265371342,0.6286536807655319
Provide comprehensive wedding and marriage planning assistance and content,0.1109262340543538,0.1106984676515765,0.11329851619358863,13,0.00022776640277730187,1.0020575388947044
Provide comprehensive women's reproductive health information and guidance,0.3660565723793677,0.2070124879923151,0.2491404491395811,25,0.1590440843870526,1.768282560774579
Provide computer hardware purchasing advice and component recommendations,0.1552967276760954,0.1859082432839428,0.1918980856278089,27,-0.03061151560784739,0.835340730098269
Provide computer science tutoring and programming homework help,0.1220188574597892,0.14036437034133364,0.1560705671682354,17,-0.018345512881544443,0.8693007859691715
Provide cryptocurrency and financial trading advice and strategies,0.4880754298391569,0.2976817522185998,0.3431145583493551,35,0.1903936776205571,1.63958800363666
Provide economics education and concept explanations,0.4159733777038269,0.1871042026482441,0.20639737458179044,26,0.22886917505558282,2.2232177140662994
Provide educational information about religious topics and practices,0.8707709373266778,0.1800474670594975,0.2964327293973456,23,0.6907234702671803,4.83634094690667
Provide enterprise networking technical guidance and education,0.1719356627842485,0.2016269206702357,0.21982890955270004,29,-0.0296912578859872,0.8527415992502918
Provide fitness training advice and exercise guidance,0.1386577925679423,0.1856222122737406,0.18702391150843886,23,-0.04696441970579829,0.746989225424493
Provide food safety and storage guidance,0.1109262340543538,0.1421038039387518,0.14088672893448664,16,-0.031177569884398,0.7806000330727539
Provide gaming assistance and technical support across platforms,0.1164725457570715,0.3133261529423284,0.3298899212998944,35,-0.1968536071852569,0.3717294093178035
Provide general historical information and educational content,0.28840820854132,0.15860916893515326,0.1661139314248145,21,0.12979903960616673,1.8183577310037768
Provide general investment advice and financial education guidance,0.1663893510815307,0.3684285106985971,0.36511488349673044,38,-0.20203915961706642,0.4516190963778316
Provide general sports information and develop sports management tools,0.1774819744869661,0.332541567695962,0.33879037223640524,34,-0.1550595932089959,0.5337136518500909
Provide geological and earth science technical assistance,0.2052135330005546,0.0781779401205962,0.11207265498933716,13,0.1270355928799584,2.624954465210967
Provide guidance on water systems management and infrastructure projects,0.1663893510815307,0.15935867693904077,0.1468676456863625,21,0.007030674142489923,1.0441185524223406
"Provide household cleaning, repair, and maintenance advice",0.0831946755407653,0.21281322707313016,0.21228795764750658,26,-0.12961855153236485,0.3909281236178833
Provide immigration visa and international relocation guidance,0.0831946755407653,0.0954904851663152,0.11447953130421287,14,-0.012295809625549894,0.871235237687458
Provide information about chemical products and substance properties,0.1164725457570715,0.1733909702209413,0.17344037480686414,21,-0.0569184244638698,0.6717336295463241
Provide information about countries and geographical regions,0.1109262340543538,0.15064055234856638,0.15717908340317097,23,-0.03971431829421258,0.7363636970586922
"Provide information about food ingredients, nutrition, and safety",0.1774819744869661,0.2019002375296912,0.2057455130380039,27,-0.024418263042725097,0.8790577795177968
Provide information and advice about dietary supplements and vitamins,0.088740987243483,0.2375658057281867,0.24433921963117958,32,-0.1488248184847037,0.3735427620632276
Provide information and analysis about political systems and governance,0.50471436494731,0.22397539647758896,0.24554163408124902,34,0.2807389684697211,2.2534366402954973
Provide information and assistance about wildlife biology and zoology,0.1774819744869661,0.1300812095937935,0.1312871995605376,17,0.0474007648931726,1.3643936356464679
Provide interior design and space planning advice for rooms and buildings,0.088740987243483,0.1378482228626321,0.14692687024606027,16,-0.04910723561914909,0.6437586600729324
Provide legal guidance and assistance for active cases and disputes,0.1386577925679423,0.16530724760771304,0.18409415575684016,19,-0.02664945503977073,0.8387883445799548
"Provide legal information, analysis, and educational assistance",0.2052135330005546,0.18519018944128765,0.23850494240250694,26,0.020023343559266937,1.1081231334104504
Provide medical guidance for digestive and urinary symptoms and conditions,0.1331114808652246,0.15836568954041985,0.18568334507717685,21,-0.02525420867519526,0.8405323226989164
Provide medical guidance for musculoskeletal injuries and joint pain,0.0942872989462007,0.23497515189907295,0.22740202800574713,30,-0.14068785295287223,0.4012649771014903
Provide military history research and military career assistance,0.0998336106489184,0.1112349646018221,0.13531263474261926,18,-0.011401353952903703,0.8975020669650401
Provide mobile app development strategy and high-level technical guidance,0.1386577925679423,0.2952623808884713,0.325673191131817,39,-0.15660458832052898,0.46960873291988103
"Provide music education, theory instruction, and creative assistance",0.14420410427066,0.1764766946953181,0.1876645347578895,24,-0.032272590424658104,0.8171283155525108
Provide neuroscience research and brain-related academic assistance,0.088740987243483,0.1468716341917164,0.16177573913552637,20,-0.05813064694823339,0.6042078018117948
Provide parenting advice and child development guidance,0.1941209095951192,0.22009962310459108,0.21350266113864674,26,-0.025978713509471868,0.8819683871192873
Provide personal advice for romantic relationship problems and conflicts,0.2052135330005546,0.2771699489423778,0.2783325871324085,39,-0.0719564159418232,0.7403888256414747
Provide personal financial planning advice and guidance,0.0831946755407653,0.2346291260065056,0.24352110385203843,25,-0.15143445046574028,0.3545794887309027
Provide personal medical guidance and symptom evaluation for health concerns,0.1053799223516361,0.2166377816291161,0.23235553845554405,25,-0.11125785927748,0.4864337215751523
Provide plant care advice and botanical information,0.2939545202440377,0.2310803004043905,0.2364306345376966,27,0.06287421983964717,1.2720881863560731
Provide practical electrical systems advice and installation guidance,0.0998336106489184,0.1094874618193581,0.12252070151593748,18,-0.009653851170439709,0.9118268794433515
Provide privacy and data protection guidance and technical assistance,0.088740987243483,0.128772185207995,0.14433231054362242,18,-0.04003119796451199,0.6891316405025438
Provide professional mental health and therapy-related assistance,0.2107598447032723,0.2966976264189886,0.32859170574422675,35,-0.08593778171571631,0.7103523113651161
Provide professional travel industry business and marketing assistance,0.1663893510815307,0.1244048784580757,0.14021679671591436,21,0.04198447262345499,1.3374825259574021
Provide project management guidance and create project documentation,0.14420410427066,0.2346577576263771,0.25179526489366183,35,-0.09045365335571712,0.6145294565554583
Provide psychology and personality assessment analysis and education,0.1719356627842485,0.14165354799421703,0.1400328920291864,19,0.030282114790031456,1.2137759005603426
"Provide recipes, cooking advice, and meal planning assistance",0.1164725457570715,0.2939481268011527,0.29604805265973233,28,-0.17747558104408118,0.39623503311474334
Provide sexual health information and intimate relationship advice,0.1164725457570715,0.1205571565802113,0.12775087678104274,19,-0.004084610823139795,0.9661188855228006
Provide software development methodology and architecture guidance,0.1386577925679423,0.23349710460484135,0.2370782430603102,34,-0.09483931203689905,0.5938308862655908
Provide strategic career guidance and professional development advice,0.160843039378813,0.2280631734990592,0.23367810112760865,25,-0.06722013412024619,0.7052565169162505
Provide strategies and advice for making money and generating income,0.1497504159733777,0.1497504159733777,0.16412784871079644,22,0.0,1.0
Provide tax advice and assistance with tax calculations and compliance,0.2551303383250138,0.2911490683229814,0.30461040600873096,28,-0.03601872999796757,0.876287668700314
Provide technical agricultural research and crop farming system analysis,0.4658901830282861,0.14222200256289724,0.23426168719873033,22,0.32366818046538887,3.2757954088169137
Provide technical construction engineering and building design assistance,0.0942872989462007,0.14447244923060226,0.15561260800407758,19,-0.050185150284401556,0.6526316917054709
Provide technical consultation on materials science and engineering topics,0.160843039378813,0.13523626203741473,0.14246269799456954,21,0.025606777341398268,1.1893484554779683
Provide technical guidance on data engineering and analytics projects,0.14420410427066,0.1829535059459889,0.17965602846621118,25,-0.03874940167532889,0.7882008247124359
Provide translation assistance with explanations and language instruction,0.3327787021630615,0.4203518371853025,0.4682977515361721,35,-0.08757313502224101,0.7916670577470644
"Provide transportation routing, scheduling, and transit system information",0.1220188574597892,0.2353679585752393,0.23180099642220012,23,-0.11334910111545009,0.5184174523941577
Provide web development technical guidance and programming assistance,0.21630615640599,0.2314049586776859,0.22953020798292198,32,-0.01509880227169591,0.9347516044687426
Redesign and improve user interface layouts and visual styling,0.1885745978924015,0.155714730613516,0.1704058206479308,24,0.032859867278885485,1.2110260676650026
Refactor and optimize existing code for better structure and performance,0.1663893510815307,0.19909967341891993,0.23714036729408192,27,-0.03271032233738924,0.8357088096846629
Reformat and improve existing academic texts and papers,0.4936217415418746,0.1983471074380165,0.21636094926423755,28,0.2952746341038581,2.488676280273618
Reformat and restructure document layouts and visual presentation styles,0.2052135330005546,0.2203856749311294,0.24202354658908615,30,-0.015172141930574812,0.9311564059900168
Remove or disable unwanted features and components from existing code,0.0998336106489184,0.1599744040953447,0.1813441804306448,28,-0.0601407934464263,0.6240599001663891
Respond to basic greetings and casual conversation openers,0.1053799223516361,0.1767574150167116,0.2512464204849591,29,-0.07137749266507551,0.5961838847986825
"Respond to incomplete, unclear, or contextually insufficient user requests",0.2551303383250138,0.27868583799514757,0.3037646650667067,37,-0.02355549967013376,0.9154765098951892
"Review and evaluate existing code for quality, errors, and improvements",0.160843039378813,0.1842142553492985,0.19515390911245628,28,-0.023371215970485498,0.8731302529971414
Review and improve existing React application code and components,0.2273987798114254,0.2163828909251897,0.2730305956120724,32,0.011015888886235697,1.050909241664787
Revise and improve existing professional email drafts,0.0831946755407653,0.5661903478026422,0.5600048100222226,49,-0.4829956722618769,0.14693764360985642
Rewrite and improve existing marketing copy and promotional content,0.1719356627842485,0.2919087430919654,0.29010554704551,34,-0.11997308030771692,0.5890048409070106
Rewrite and improve existing messages for better wording and tone,0.0998336106489184,0.3534489281906557,0.3847527249458942,45,-0.25361531754173733,0.28245554784952304
Rewrite existing text to sound more natural and human-like,0.2606766500277315,0.3169492084328634,0.3368784572838885,39,-0.0562725584051319,0.8224555956982248
Solve advanced calculus and differential equations problems,0.2384914032168607,0.1386444835492987,0.2727547922943282,20,0.09984691966756198,1.7201651094329966
Solve and explain mathematical homework problems and academic exercises,0.6821963394342762,0.2281572943229096,0.32951582911801314,31,0.45403904511136656,2.990026426543996
Solve geometry and trigonometry problems with visual diagrams,0.232945091514143,0.11262964765015834,0.1375389228904819,15,0.12031544386398466,2.068239547705053
Solve math word problems with real-world applications and scenarios,0.1996672212978369,0.12479588816083631,0.15135174901839457,12,0.07487133313700059,1.5999503208030925
Solve physics and engineering mechanics calculation problems,0.1109262340543538,0.10734648321997545,0.15270711324108713,17,0.0035797508343783507,1.0333476302809352
Summarize documents and written content into condensed formats,0.4769828064337215,0.2238911718860705,0.2572966518483122,28,0.253091634547651,2.1304225727865655
Translate religious and spiritual texts between languages,0.1552967276760954,0.10853946322711194,0.6152545223924334,11,0.046757264448983454,1.4307858456158646
"Translate text, documents, and multimedia content between languages",0.4381586245146977,0.7215255930950581,0.9470198135237262,49,-0.2833669685803604,0.6072669198540432
"Translate texts between Chinese, Korean, and English languages",0.088740987243483,0.24669462155578814,0.42128240320850735,23,-0.15795363431230514,0.3597199918013409
Troubleshoot Docker container deployment and configuration issues,0.1164725457570715,0.2044059317761279,0.21273237201476708,28,-0.0879333860190564,0.5698100086676353
Troubleshoot WiFi connectivity and configure wireless networking systems,0.088740987243483,0.1214149767014504,0.12267797512749587,18,-0.0326739894579674,0.7308899581778112
Troubleshoot and fix database errors and SQL query failures,0.3882418191902385,0.3882418191902385,0.3854939993249934,45,0.0,1.0
Troubleshoot enterprise server and infrastructure system errors,0.1885745978924015,0.27620778009460767,0.286061627548284,37,-0.08763318220220617,0.6827273215396404
Verify and correct existing quiz and exam questions,0.2273987798114254,0.1309436124069072,0.5360196989419433,16,0.0964551674045182,1.7366160565723805
Write and debug game development scripts and code,0.1996672212978369,0.2700712005892462,0.2749031597228251,35,-0.07040397929140932,0.7393132657691726
Write and edit biographical content for individuals and historical figures,0.1497504159733777,0.1040632562867725,0.11858685725523385,14,0.04568715968660521,1.4390325780379458
Write and edit food-related academic and professional content,0.3494176372712146,0.09436946499292055,0.1584678470811824,12,0.25504817227829407,3.7026556979784444
"Write and improve resume content, bios, and professional profiles",0.1996672212978369,0.2813575467832772,0.3066389903589429,40,-0.08169032548544028,0.7096565334059999
Write and improve social media captions for existing posts,0.3937881308929561,0.15705738320100093,0.19837793723533037,23,0.23673074769195518,2.50728824629014
Write complete original stories with specific formatting requirements,0.2551303383250138,0.2551303383250138,0.4698963908965065,30,0.0,1.0
Write complete romantic stories and novels with detailed specifications,0.2939545202440377,0.1699912866463461,0.21625449112779746,21,0.12396323359769157,1.7292328685974805
Write complete video scripts for YouTube and online video content,0.1663893510815307,0.20904634857818535,0.3009104934675007,25,-0.042656997496654664,0.7959447855139142
Write product listings and descriptions for e-commerce platforms,0.0831946755407653,0.1304474010327484,0.21071073305613952,18,-0.0472527254919831,0.6377641477109961
Assist with game development programming and general gaming support,0.6378258458125347,1.3326130019809113,1.36036909817293,93,-0.6947871561683766,0.47862796240500066
Build educational technology systems for academic management and assessment,0.5712701053799224,0.3458756679198972,0.4103803257060945,44,0.2253944374600252,1.6516631794758838
"Compare and analyze differences between concepts, items, or create assessments",0.5158069883527454,0.6938964013891968,0.6899812349318813,72,-0.17808941303645143,0.7433487006418937
Create and analyze humorous content and jokes,0.1109262340543538,0.1811416821697836,0.1983693387629447,23,-0.0702154481154298,0.6123727721065488
"Create and modify automation scripts for file management, web scraping, and workflow tasks",0.2828618968386023,0.38759487782862156,0.39774171208951115,46,-0.10473298099001926,0.7297874998329368
"Create and modify professional presentations, diagrams, and visual graphics",1.4420410427066,0.7898839158638675,0.8688678982948261,72,0.6521571268427324,1.8256366710917158
Create comprehensive K-12 educational materials and teaching resources,4.059900166389351,1.4722563669991025,1.8310274328356528,97,2.5876437993902486,2.757604081322221
Create comprehensive business marketing and promotional content materials,1.264559068219634,1.2521588946459412,1.3120845759634436,89,0.012400173573692719,1.0099030351712663
Create interactive romantic roleplay scenarios with character persona adoption,0.1275651691625069,0.2210571064191582,0.4391187173401876,28,-0.09349193725665131,0.577068845371674
Debug and fix software code errors across multiple programming languages,4.065446478092069,4.407330085826954,4.528610341059204,133,-0.3418836077348857,0.9224284087923635
Debug and fix web application errors and technical issues,1.4364947310038825,1.198501872659176,1.4426759978806154,94,0.2379928583447064,1.1985752911813643
Design and improve web interface components and modern website layouts,1.2368275097060455,0.6482159968434699,0.9124943767622876,65,0.5886115128625756,1.9080484217126048
Develop AI-powered medical diagnostic and healthcare technology systems,0.4547975596228508,0.5359300738887058,0.5375293858310232,57,-0.08113251426585505,0.8486136191664746
Develop and customize AI chatbot systems and conversation styles,0.7487520798668885,0.7525083612040134,0.8480793387131195,79,-0.0037562813371249115,0.995008319467554
Develop automated trading systems and technical analysis strategies,0.5490848585690515,0.39075269960588,0.47246730384103514,50,0.15833215896317154,1.4051978633106519
Draft professional business communications and formal documents,1.36993899057127,1.6129032258064515,1.6289249033239173,97,-0.2429642352351815,0.8493621741541875
Edit and improve existing written content and documents,3.0615640599001663,3.0930070234691778,3.215645804886031,119,-0.03144296356901144,0.9898341764727892
Extract and analyze information from documents and text sources,1.087077093732668,0.8943513908812195,0.8771895487718507,73,0.1927257028514484,1.2154921486302521
Extract and transcribe text from images using OCR technology,0.3272323904603438,0.23057139507771124,0.278778026268621,41,0.09666099538263256,1.4192237087781603
"Fix and improve web and mobile application UI layouts, styling, and components",2.756516916250693,1.9641541861036087,2.3430352869323987,112,0.7923627301470844,1.4034116749861345
Help build complete web applications and websites from scratch,1.5973377703826956,1.317027281279398,1.6802320071441033,97,0.2803104891032977,1.2128357499405753
"Help create and debug animations, visual effects, and interactive graphics",0.3660565723793677,0.5209761447765286,0.5419860728992005,62,-0.15491957239716098,0.702635957614502
Help create and manage professional technical documentation and writing,0.7598447032723239,0.8198961464881116,0.861251377450586,76,-0.0600514432157877,0.9267572564244776
Help create and optimize comprehensive digital marketing content and strategies,1.4919578480310594,1.7414464249129278,1.9117814009752527,101,-0.24948857688186843,0.856734853675247
Help develop business technology systems and e-commerce applications,0.5102606766500277,0.4604630504718259,0.4979143768195249,57,0.049797626178201826,1.1081468450664507
Help develop complete mobile applications with UI design and Flutter implementation,0.8319467554076538,0.7028482357942468,0.8528125593696432,73,0.12909851961340701,1.1836790832483495
Help develop multimedia communication systems and streaming applications,0.4104270660011093,0.4104270660011093,0.42397354535242066,46,0.0,1.0
Help develop scheduling and calendar management systems,0.343871325568497,0.3206895516217839,0.33771009548681524,41,0.023181773946713058,1.0722872754334487
"Help develop, debug, and implement machine learning and AI systems",0.6378258458125347,1.059220028887819,1.0732413234245985,80,-0.4213941830752844,0.6021655826148338
"Help develop, debug, and modify web applications and frontend components",1.846921797004992,1.5567765567765568,1.821812047864327,101,0.29014524022843524,1.186375648429089
Help discover and access entertainment content across multiple media platforms,0.4769828064337215,1.015230121996309,0.9969225523675506,81,-0.5382473155625874,0.46982727964749615
Help implement OAuth authentication and API token management for web applications,0.3105934553521908,0.41516661603659144,0.4389849426121897,52,-0.10457316068440065,0.7481176071363506
Help implement cybersecurity measures and privacy protection controls,0.1719356627842485,0.314616328054178,0.31997325730201004,45,-0.1426806652699295,0.5464931329140699
Help implement multilingual features and communicate in specific languages,0.1885745978924015,0.3305832866415007,0.4005008790061343,29,-0.14200868874909922,0.5704299204239572
Help implement search engines and filtering functionality for software applications,0.1220188574597892,0.2406738868832731,0.25369318659260753,32,-0.1186550294234839,0.5069883527454243
Help optimize business workflows and project management systems,0.7376594564614531,1.2375721337690329,1.264186990459346,87,-0.4999126773075797,0.5960537057463529
Help optimize system performance and troubleshoot technical infrastructure issues,0.4326123128119801,0.6574621959237344,0.659332537075438,69,-0.22484988311175436,0.6580033277870216
Help plan celebrations and create content for weddings and birthdays,0.271769273433167,0.276805318504263,0.30366749499850104,35,-0.005036045071096007,0.9818065451259801
Help process and manipulate files including CSV data and PDF documents,0.3716028840820854,0.5454948001442168,0.5573880146121568,61,-0.1738919160621314,0.6812216798104066
Help research and recommend consumer products across various categories for purchase decisions,0.7931225734886301,1.3123359580052494,1.271783670529694,90,-0.5192133845166192,0.6043594009983362
Help set up and troubleshoot software development environments and tools,0.6267332224070993,1.2960751202484417,1.3359215961602693,86,-0.6693418978413425,0.48356242058482085
Help solve math problems and perform calculations,0.3327787021630615,0.2606239991437404,0.5597243498956224,34,0.07215470301932109,1.2768536407099103
"Help with API development, integration, and debugging",0.4215196894065446,0.5708250757251325,0.6588155727060583,66,-0.14930538631858792,0.7384393351519785
"Help with Docker containerization, deployment, and development workflows",0.2107598447032723,0.4199312327377262,0.4555908874325394,52,-0.2091713880344539,0.5018913295141951
Help with Linux system administration and server management tasks,0.4769828064337215,1.0624887448226186,1.0891354571406566,81,-0.5855059383888971,0.4489297498519415
Help with academic applications and professional document formatting,0.687742651136994,0.4207492795389049,0.43353777333198795,51,0.26699337159808906,1.63456643797628
"Help with academic research, writing, and educational content across multiple disciplines",7.958957293399889,3.561038749839267,3.6995704256965,125,4.397918543560622,2.2350100216570596
"Help with automation systems, robotics programming, and embedded device development",0.2773155851358846,0.3816508967396376,0.43974337024157933,46,-0.10433531160375298,0.726621075713257
Help with basic numerical tasks and number-related requests,0.232945091514143,0.1738163109226169,0.5393158896975887,24,0.0591287805915261,1.340179700499168
Help with cloud infrastructure deployment and development platform configuration,0.2551303383250138,0.55305004565473,0.5733317462045079,66,-0.29791970732971623,0.4613151021856927
Help with comprehensive YouTube and TikTok video content creation and management,0.6766500277315586,0.5326777299733662,0.6480767681791341,63,0.14397229775819242,1.270280302060668
Help with creative writing across multiple genres and provide feedback,0.8374930671103715,0.6249063835218679,0.7252264069953946,64,0.21258668358850363,1.3401896495126209
"Help with cross-platform mobile app development, debugging, and feature implementation",1.2590127565169162,1.1771937803803405,1.394187807248671,92,0.08181897613657574,1.069503405046993
Help with cybersecurity implementation and threat analysis tasks,0.2828618968386023,0.3587736361577447,0.37308151936407064,50,-0.07591173931914241,0.7884132732490808
"Help with data analysis, statistical modeling, and business reporting tasks",1.497504159733777,1.497504159733777,1.5115363918597178,91,0.0,1.0
"Help with date calculations, formatting, and datetime programming tasks",0.1830282861896838,0.1667552923566334,0.15972294722428684,23,0.01627299383305042,1.0975860712009546
Help with file system operations and data deletion tasks,0.1552967276760954,0.29635366158516707,0.30828038920676987,42,-0.14105693390907167,0.5240250005531507
Help with financial technology systems and payment processing solutions,0.6932889628397115,0.6218804886292709,0.6968747057630332,69,0.07140847421044061,1.1148266837697978
Help with game development programming and mobile gaming projects,0.2995008319467554,0.3215856139660037,0.35754092625711453,42,-0.022084782019248295,0.9313253421168803
"Help with git, GitHub, and software version management",0.28840820854132,0.5758157389635317,0.604287992283442,69,-0.2874075304222117,0.500868922166759
"Help with job applications, resumes, and career documents",1.192457016084304,1.4202300496599713,1.4830519704940683,81,-0.22777303357566736,0.8396224374845467
Help with medical education applications and exam preparation,0.1053799223516361,0.17617365217265774,0.19141735915100921,17,-0.07079372982102164,0.5981593788403685
Help with supply chain operations and inventory management systems,0.2773155851358846,0.26317478262978883,0.2850091638401045,40,0.014140802506095784,1.0537316013517444
"Help with time calculations, duration tracking, and timer programming",0.1109262340543538,0.142539483436912,0.14836552563979954,20,-0.0316132493825582,0.7782140876317246
Help with visual design and graphics creation tasks,0.4270660011092623,0.4661511632006005,0.5013824603339514,52,-0.03908516209133822,0.9161534601287296
Process and analyze visual media content including images and video files,1.087077093732668,0.9388389424488914,0.9837545109106911,79,0.1482381512837765,1.157895187961748
Process meeting transcripts into summaries and structured documentation,0.0831946755407653,0.20652550193270144,0.2358975104461069,26,-0.12333082639193614,0.4028300367858454
"Proofread and correct grammar, spelling, and punctuation in documents",0.3826955074875208,0.7232084155161078,0.7134038535372215,65,-0.340512908028587,0.5291635153531992
"Provide astrological readings, tarot services, and fortune-telling business content",0.0942872989462007,0.2233049127080796,0.26330738912475254,31,-0.12901761376187887,0.4222356678263497
Provide comprehensive blockchain and cryptocurrency technology assistance,0.2273987798114254,0.2207398426220767,0.7773105527988114,31,0.006658937189348707,1.0301664489303335
Provide comprehensive business consulting and strategic development assistance,1.7415418746533555,2.0610967979389034,2.0277798260787647,107,-0.3195549232855479,0.8449587988273511
Provide comprehensive cloud infrastructure and web hosting technical guidance,0.1774819744869661,0.4247411733474914,0.43633983219450273,53,-0.2472591988605253,0.4178591236827508
"Provide comprehensive cooking, nutrition, and meal planning assistance",0.9539656128674432,1.578741617081882,1.4881343429155065,92,-0.6247760042144388,0.6042569617127952
Provide comprehensive database development and management assistance,1.7581808097615088,2.0531400966183577,2.143345175972273,109,-0.2949592868568489,0.856337476754429
Provide comprehensive financial advice and assistance across multiple domains,1.674986134220743,2.028272894898586,2.0297480027355226,103,-0.35328676067784315,0.8258189213264089
Provide comprehensive home maintenance and household management advice,0.6655574043261231,0.9606375879127735,0.9146092315144267,79,-0.29508018358665045,0.6928288177565628
Provide comprehensive information about AI systems and their capabilities,0.9206877426511372,1.2156580211335255,1.1693468465615602,84,-0.2949702784823883,0.7573575188461744
Provide comprehensive job search and career advancement support,0.4658901830282861,0.8314273225376883,0.9009482011397223,71,-0.36553713950940214,0.5603498590908618
Provide comprehensive legal assistance and document drafting across multiple practice areas,1.1480865224625625,1.795370242866079,1.8699800862579028,100,-0.6472837204035164,0.6394706200709828
Provide comprehensive medical and healthcare guidance across multiple specialties,1.963394342762063,2.6245443499392467,2.642704800280982,114,-0.6611500071771836,0.7480896037468416
Provide comprehensive multi-technology programming development assistance and technical guidance,3.8546866333887966,3.6561264822134394,3.7997704431749653,126,0.1985601511753572,1.0543088845917463
Provide comprehensive personal finance management tools and advice,0.2995008319467554,0.4063504063504063,0.40343070494390765,48,-0.1068495744036509,0.7370506520140852
Provide comprehensive personal style and beauty advice with product recommendations,0.4492512479201331,0.5144962803309463,0.5370753462299546,62,-0.0652450324108132,0.8731865809236856
Provide comprehensive travel planning and booking assistance,0.3716028840820854,1.3123359580052494,1.3118814574224553,84,-0.940733073923164,0.2831613976705491
Provide educational assistance and tutoring across multiple academic subjects and disciplines,4.326123128119801,2.7184871028297293,2.941523294378922,117,1.6076360252900717,1.59137158444366
Provide immigration and citizenship application guidance,0.1386577925679423,0.2387127761767531,0.2629388037435343,31,-0.1000549836088108,0.5808561853651024
Provide parenting advice and child development guidance,0.1941209095951192,0.22009962310459108,0.21350266113864674,26,-0.025978713509471868,0.8819683871192873
Provide personal relationship advice and life guidance support,1.0759844703272323,1.2364027634652963,1.2726933310028874,91,-0.160418293138064,0.8702540160226949
Provide pet care advice for dogs and cats,0.0831946755407653,0.317735413056037,0.32413435051587985,36,-0.23454073751527166,0.26183633338375406
"Provide programming education, tutoring, and software development guidance",0.7653910149750416,1.0567170944529434,1.134553630734249,85,-0.2913260794779018,0.7243102425358987
Provide religious and spiritual education across diverse traditions and practices,1.9023849140321687,0.6490170569419805,0.7849501974372515,73,1.253367857090188,2.931178608765338
"Provide sports training advice, fitness guidance, and sports-related tools and analysis",0.5934553521907932,0.9470090100318798,0.9776996845389512,79,-0.3535536578410866,0.6266628362604653
Provide technical assistance and computational support for scientific research projects,1.4531336661120355,1.2758060774762237,1.3110922159985379,87,0.17732758863581188,1.1389925881107246
Provide technical expertise and academic assistance across scientific and professional domains,0.6433721575152523,0.5851505756657123,0.5901478741448848,65,0.05822158184954007,1.0994984612008674
Provide technical support for networking and telecommunications system configuration,0.4215196894065446,0.5502458542668139,0.565628240611849,68,-0.12872616486026933,0.766057001861844
"Provide technical troubleshooting and support for software, hardware, and system issues",1.2201885745978924,1.848112273878184,1.9114790231947616,106,-0.6279236992802917,0.6602350906080934
Provide technical troubleshooting support for hardware and equipment problems,0.4437049362174154,0.7678676904902539,0.788799442818547,79,-0.3241627542728385,0.5778403515508341
Provide translation services and comprehensive language learning assistance across multiple languages,1.9301164725457567,2.8416279445665795,3.3127662992131106,109,-0.9115114720208228,0.6792291285832455
"Solve advanced mathematics, physics, and engineering problems",1.136993899057127,0.8052610387867399,0.9088795602419629,72,0.3317328602703872,1.4119569236457759
"Solve advanced programming problems across algorithms, geometry, graphs, and competitive coding",0.1719356627842485,0.3867619700381866,0.44760102151480835,46,-0.2148263072539381,0.44455162633304557
Write complete creative works across multiple literary formats with detailed specifications,0.8153078202995009,0.5199306759098787,0.6988297375866573,52,0.29537714438962215,1.5681087077093732
"Analyze and process data from documents, visual media, and business sources",3.671658347199112,3.225806451612903,3.3140516347724325,126,0.44585189558620897,1.1382140876317248
Assist with creative writing across multiple genres including humor and romantic roleplay,1.891292290626733,1.5314659609710004,1.7277777485248367,95,0.3598263296557327,1.2349554863286618
Assist with game development programming and mobile gaming projects,0.93732667775929,1.634359559103003,1.66704094150788,97,-0.6970328813437129,0.5735131370196958
Create comprehensive K-12 educational materials and teaching resources,4.059900166389351,1.4722563669991025,1.8310274328356528,97,2.5876437993902486,2.757604081322221
Create comprehensive digital marketing strategies and promotional content,2.756516916250693,3.0180313048798135,3.184091055205758,123,-0.26151438862912046,0.913349345248248
"Help create visual content, graphics, and multimedia for digital platforms",2.9728230726566838,2.4192024192024197,2.5246327213618063,116,0.553620653454264,1.228844287298946
Help develop and debug complete web applications and user interfaces,9.384359400998337,7.222222222222221,8.297663616866748,150,2.162137178776115,1.2993728401382314
Help develop and debug cross-platform mobile applications with Flutter,2.0909595119245705,1.8800419331258562,2.3740717783323024,110,0.2109175787987143,1.1121876991584074
"Help edit, improve, and create professional written documents and communications",6.344980587909041,6.83111954459203,6.890672671961805,147,-0.48613895668298923,0.9288346582855735
Help implement cybersecurity measures and secure authentication systems,0.7653910149750416,1.0660842627754243,1.0972001109386036,88,-0.30069324780038276,0.7179460777166305
"Help plan and organize events, schedules, and travel arrangements",0.9872434830837492,1.7757158854583268,1.8012862851478497,98,-0.7884724023745776,0.5559692804285149
Help with Docker containerization and cloud infrastructure deployment,0.6433721575152523,1.3556297965341804,1.4222376204962466,91,-0.712257639018928,0.4745928122560491
"Help with automation scripts, robotics programming, and workflow optimization tasks",1.7803660565723791,2.588442287838532,2.584326669425428,117,-0.8080762312661527,0.687813695880802
"Help with job applications, resumes, and career advancement",1.6583471991125902,2.0615311237285354,2.2387205242161703,102,-0.4031839246159452,0.8044250120819244
Provide business operations support and strategic consulting services,2.01885745978924,2.393340270551509,2.3000017220912743,110,-0.37448281076226886,0.8435313125467215
Provide comprehensive domestic life and household management guidance,1.702717692734332,2.82258064516129,2.66741421750219,109,-1.119862952426958,0.6032485539973063
Provide comprehensive financial guidance and investment assistance across multiple domains,3.36661120354964,4.429559823762851,4.290607697580745,135,-1.062948620213211,0.760032901122385
Provide comprehensive legal assistance including immigration and document services,1.286744315030505,2.0734196751046676,2.0839595908735493,104,-0.7866753600741627,0.6205903852849034
Provide comprehensive software development assistance across multiple programming domains and technologies,15.929007210205212,17.351154313487243,17.986791630865202,165,-1.4221471032820308,0.9180373203080454
Provide educational tutoring and academic assistance across multiple subjects and disciplines,10.005546311702718,7.332147913436257,7.581841726899464,147,2.6733983982664604,1.3646132661027504
Provide medical and sports training guidance,2.5568496949528563,3.5615568932179436,3.577655597816517,122,-1.0047071982650873,0.7179022465769703
Provide multilingual translation services and language learning assistance,2.118691070438159,3.142903508029238,3.616117753862098,113,-1.0242124375910788,0.6741190319796637
"Provide personalized lifestyle advice and recommendations across relationships, spirituality, entertainment, beauty, and parenting",2.2906267332224077,3.025994222709043,3.0611957105395744,117,-0.7353674894866353,0.7569831812737923
Provide technical IT support and troubleshooting assistance,3.2279534109816974,5.054678007290401,5.163977394621178,136,-1.8267245963087038,0.6386071291437349
Provide technical and academic assistance across scientific research and educational domains,10.055463117027177,5.2987598647125145,5.378509093633232,141,4.756703252314662,1.8977012308091714
Translate religious and spiritual texts between languages,2.800658978583196,0.10853946322711194,0.6152545223924334,11,2.692119515356084,25.80314012354193
Create comprehensive business marketing and promotional content materials,2.471169686985173,1.2521588946459412,1.3120845759634436,89,1.2190107923392317,1.9735272396750554
Debug and fix software code errors across multiple programming languages,3.789126853377265,4.407330085826954,4.528610341059204,133,-0.6182032324496896,0.8597329402583889
Edit and improve existing written content and documents,3.459637561779242,3.0930070234691778,3.215645804886031,119,0.3666305383100643,1.1185353073976678
"Help with academic research, writing, and educational content across multiple disciplines",3.130148270181219,3.561038749839267,3.6995704256965,125,-0.43089047965804816,0.8789986546264072
"Help with job applications, resumes, and career documents",2.471169686985173,1.4202300496599713,1.4830519704940683,81,1.0509396373252016,1.7399784546009398
Provide comprehensive business consulting and strategic development assistance,2.471169686985173,2.0610967979389034,2.0277798260787647,107,0.4100728890462695,1.1989585784890562
Provide comprehensive medical and healthcare guidance across multiple specialties,3.130148270181219,2.6245443499392467,2.642704800280982,114,0.5056039202419722,1.1926444566477514
Provide comprehensive multi-technology programming development assistance and technical guidance,2.6359143327841847,3.6561264822134394,3.7997704431749653,126,-1.0202121494292546,0.720958190480431
Provide translation services and comprehensive language learning assistance across multiple languages,3.130148270181219,2.8416279445665795,3.3127662992131106,109,0.28852032561463936,1.101533462945532
"Analyze and process data from documents, visual media, and business sources",2.9654036243822075,3.225806451612903,3.3140516347724325,126,-0.2604028272306955,0.9192751235584844
Create comprehensive digital marketing strategies and promotional content,4.448105436573312,3.0180313048798135,3.184091055205758,123,1.4300741316934982,1.4738433724597988
"Help create visual content, graphics, and multimedia for digital platforms",2.800658978583196,2.4192024192024197,2.5246327213618063,116,0.3814565593807764,1.157678644975288
Help develop and debug complete web applications and user interfaces,3.130148270181219,7.222222222222221,8.297663616866748,150,-4.0920739520410025,0.43340514510201494
"Help edit, improve, and create professional written documents and communications",8.072487644151565,6.83111954459203,6.890672671961805,147,1.2413680995595344,1.1817224967966318
"Help with automation scripts, robotics programming, and workflow optimization tasks",2.471169686985173,2.588442287838532,2.584326669425428,117,-0.11727260085335889,0.9546937548484857
"Help with job applications, resumes, and career advancement",3.130148270181219,2.0615311237285354,2.2387205242161703,102,1.0686171464526835,1.5183609086240504
Provide business operations support and strategic consulting services,2.6359143327841847,2.393340270551509,2.3000017220912743,110,0.24257406223267575,1.1013537712198267
Provide comprehensive domestic life and household management guidance,3.9538714991762767,2.82258064516129,2.66741421750219,109,1.1312908540149866,1.4008001882795953
Provide comprehensive financial guidance and investment assistance across multiple domains,4.612850082372323,4.429559823762851,4.290607697580745,135,0.183290258609472,1.041378887722927
Provide comprehensive software development assistance across multiple programming domains and technologies,14.662273476112023,17.351154313487243,17.986791630865202,165,-2.688880837375219,0.8450315875938512
Provide educational tutoring and academic assistance across multiple subjects and disciplines,8.237232289950576,7.332147913436257,7.581841726899464,147,0.9050843765143188,1.1234405507362637
Provide medical and sports training guidance,3.9538714991762767,3.5615568932179436,3.577655597816517,122,0.3923146059583331,1.110152559041074
Provide multilingual translation services and language learning assistance,3.459637561779242,3.142903508029238,3.616117753862098,113,0.3167340537500043,1.1007775303762388
"Provide personalized lifestyle advice and recommendations across relationships, spirituality, entertainment, beauty, and parenting",3.130148270181219,3.025994222709043,3.0611957105395744,117,0.10415404747217583,1.0344197773711978
Provide technical IT support and troubleshooting assistance,6.095551894563426,5.054678007290401,5.163977394621178,136,1.0408738872730252,1.205922886833101
Provide technical and academic assistance across scientific research and educational domains,4.118616144975288,5.2987598647125145,5.378509093633232,141,-1.1801437197372264,0.7772792597006554
