occ_code,title,observed_exposure,indonesia_usage_pct,n_tasks,quad
11-1011,Chief Executives,0.0333,0.1663893510815307,1,low_low
11-1021,General and Operations Managers,0.1378,0.0,0,high_low
11-2011,Advertising and Promotions Managers,0.1731,0.0,0,high_low
11-2021,Marketing Managers,0.3195,0.0,0,high_low
11-2022,Sales Managers,0.0433,0.0,0,low_low
11-2032,Public Relations Managers,0.2315,0.0,0,high_low
11-3013,Facilities Managers,0.1345,0.0,0,high_low
11-3021,Computer and Information Systems Managers,0.1559,0.0,0,high_low
11-3031,Financial Managers,0.3907,0.0,0,high_low
11-3051,Industrial Production Managers,0.0132,0.0,0,low_low
11-3061,Purchasing Managers,0.2004,0.0,0,high_low
11-3071,"Transportation, Storage, and Distribution Managers",0.0956,0.0,0,low_low
11-3131,Training and Development Managers,0.3777,0.0,0,high_low
11-9021,Construction Managers,0.1186,0.0,0,high_low
11-9031,"Education and Childcare Administrators, Preschool and Daycare",0.0395,0.0,0,low_low
11-9032,"Education Administrators, Kindergarten through Secondary",0.0525,0.088740987243483,1,low_low
11-9033,"Education Administrators, Postsecondary",0.0644,0.0,0,low_low
11-9041,Architectural and Engineering Managers,0.0306,0.0,0,low_low
11-9081,Lodging Managers,0.1215,0.0,0,high_low
11-9111,Medical and Health Services Managers,0.0659,0.3161397670549085,1,low_high
11-9121,Natural Sciences Managers,0.0613,0.0,0,low_low
11-9141,"Property, Real Estate, and Community Association Managers",0.1653,0.0,0,high_low
11-9151,Social and Community Service Managers,0.1808,0.0,0,high_low
11-9171,Funeral Home Managers,0.0108,0.0,0,low_low
11-9179,"Personal Service Managers, All Other",0.1244,0.0,0,high_low
11-9199,"Managers, All Other",0.0686,0.0,0,low_low
13-1011,"Agents and Business Managers of Artists, Performers, and Athletes",0.118,0.0,0,high_low
13-1031,"Claims Adjusters, Examiners, and Investigators",0.0818,0.0,0,low_low
13-1041,Compliance Officers,0.1211,0.0,0,high_low
13-1071,Human Resources Specialists,0.4034,0.0,0,high_low
13-1081,Logisticians,0.1571,0.0,0,high_low
13-1111,Management Analysts,0.2435,0.0,0,high_low
13-1121,"Meeting, Convention, and Event Planners",0.1023,0.0,0,low_low
13-1131,Fundraisers,0.0466,0.0,0,low_low
13-1141,"Compensation, Benefits, and Job Analysis Specialists",0.0649,0.0,0,low_low
13-1151,Training and Development Specialists,0.2793,0.0,0,high_low
13-1161,Market Research Analysts and Marketing Specialists,0.6483,0.0,0,high_low
13-1199,"Business Operations Specialists, All Other",0.1846,0.0,0,high_low
13-2011,Accountants and Auditors,0.3478,0.0,0,high_low
13-2031,Budget Analysts,0.0672,0.0,0,low_low
13-2041,Credit Analysts,0.1685,0.0,0,high_low
13-2051,Financial and Investment Analysts,0.5716,0.0,0,high_low
13-2052,Personal Financial Advisors,0.3504,0.21630615640598988,2,high_high
13-2053,Insurance Underwriters,0.0625,0.0,0,low_low
13-2054,Financial Risk Specialists,0.2649,0.0,0,high_low
13-2061,Financial Examiners,0.0428,0.0,0,low_low
13-2071,Credit Counselors,0.2341,0.0942872989462007,1,high_low
13-2072,Loan Officers,0.1857,0.0,0,high_low
13-2081,"Tax Examiners and Collectors, and Revenue Agents",0.0275,0.0,0,low_low
13-2082,Tax Preparers,0.1283,0.0,0,high_low
13-2099,"Financial Specialists, All Other",0.2202,0.0,0,high_low
15-1211,Computer Systems Analysts,0.2763,0.0,0,high_low
15-1212,Information Security Analysts,0.4859,0.0,0,high_low
15-1221,Computer and Information Research Scientists,0.3404,0.0,0,high_low
15-1231,Computer Network Support Specialists,0.2867,0.0,0,high_low
15-1232,Computer User Support Specialists,0.4685,0.0,0,high_low
15-1241,Computer Network Architects,0.1987,0.0,0,high_low
15-1242,Database Administrators,0.3315,0.0,0,high_low
15-1243,Database Architects,0.5787,0.0,0,high_low
15-1244,Network and Computer Systems Administrators,0.3373,0.0,0,high_low
15-1251,Computer Programmers,0.7451,0.0,0,high_low
15-1252,Software Developers,0.288,0.0,0,high_low
15-1253,Software Quality Assurance Analysts and Testers,0.5195,0.0,0,high_low
15-1254,Web Developers,0.4802,0.0,0,high_low
15-1255,Web and Digital Interface Designers,0.249,0.0,0,high_low
15-1299,"Computer Occupations, All Other",0.3106,0.0,0,high_low
15-2011,Actuaries,0.0539,0.0998336106489184,1,low_low
15-2021,Mathematicians,0.4241,0.14420410427066,1,high_low
15-2031,Operations Research Analysts,0.4288,0.0,0,high_low
15-2041,Statisticians,0.2107,0.0,0,high_low
15-2051,Data Scientists,0.4605,0.0,0,high_low
15-2099,"Mathematical Science Occupations, All Other",0.4793,0.0,0,high_low
17-1011,"Architects, Except Landscape and Naval",0.0784,0.0,0,low_low
17-1021,Cartographers and Photogrammetrists,0.08,0.0,0,low_low
17-1022,Surveyors,0.0022,0.0,0,low_low
17-2011,Aerospace Engineers,0.0753,0.0,0,low_low
17-2031,Bioengineers and Biomedical Engineers,0.1328,0.0,0,high_low
17-2051,Civil Engineers,0.0081,0.0,0,low_low
17-2061,Computer Hardware Engineers,0.1453,0.0,0,high_low
17-2071,Electrical Engineers,0.059,0.0,0,low_low
17-2072,"Electronics Engineers, Except Computer",0.0999,0.0,0,low_low
17-2081,Environmental Engineers,0.0358,0.0,0,low_low
17-2112,Industrial Engineers,0.0367,0.0,0,low_low
17-2121,Marine Engineers and Naval Architects,0.0358,0.0,0,low_low
17-2141,Mechanical Engineers,0.0813,0.0,0,low_low
17-2199,"Engineers, All Other",0.0659,0.0,0,low_low
17-3012,Electrical and Electronics Drafters,0.0889,0.0,0,low_low
17-3022,Civil Engineering Technologists and Technicians,0.0776,0.1220188574597892,1,low_low
17-3023,Electrical and Electronic Engineering Technologists and Technicians,0.0202,0.0,0,low_low
17-3025,Environmental Engineering Technologists and Technicians,0.1029,0.0,0,low_low
17-3027,Mechanical Engineering Technologists and Technicians,0.0683,0.0,0,low_low
17-3029,"Engineering Technologists and Technicians, Except Drafters, All Other",0.0,0.1552967276760954,1,low_low
19-1013,Soil and Plant Scientists,0.0513,0.0,0,low_low
19-1021,Biochemists and Biophysicists,0.0756,0.1220188574597892,1,low_low
19-1022,Microbiologists,0.0969,0.0,0,low_low
19-1023,Zoologists and Wildlife Biologists,0.0606,0.088740987243483,1,low_low
19-1029,"Biological Scientists, All Other",0.2452,0.6322795341098169,2,high_high
19-1042,"Medical Scientists, Except Epidemiologists",0.0381,0.0,0,low_low
19-2011,Astronomers,0.3849,0.0,0,high_low
19-2012,Physicists,0.2727,0.0,0,high_low
19-2021,Atmospheric and Space Scientists,0.038,0.0,0,low_low
19-2031,Chemists,0.2614,0.3660565723793677,1,high_high
19-2032,Materials Scientists,0.1843,0.0,0,high_low
19-2041,"Environmental Scientists and Specialists, Including Health",0.0548,0.0,0,low_low
19-2042,"Geoscientists, Except Hydrologists and Geographers",0.043,0.0942872989462007,1,low_low
19-2043,Hydrologists,0.0748,0.0,0,low_low
19-2099,"Physical Scientists, All Other",0.0379,0.0,0,low_low
19-3011,Economists,0.2418,0.0,0,high_low
19-3022,Survey Researchers,0.4316,0.088740987243483,1,high_low
19-3032,Industrial-Organizational Psychologists,0.1577,0.0,0,high_low
19-3033,Clinical and Counseling Psychologists,0.0591,0.0,0,low_low
19-3034,School Psychologists,0.0467,0.0,0,low_low
19-3041,Sociologists,0.3833,0.0,0,high_low
19-3051,Urban and Regional Planners,0.0959,0.0,0,low_low
19-3091,Anthropologists and Archeologists,0.1354,0.232945091514143,1,high_high
19-3092,Geographers,0.1096,0.0,0,high_low
19-3093,Historians,0.028,0.543538546866334,1,low_high
19-3094,Political Scientists,0.452,0.2884082085413199,2,high_high
19-3099,"Social Scientists and Related Workers, All Other",0.0327,0.0,0,low_low
19-4012,Agricultural Technicians,0.0058,0.0,0,low_low
19-4013,Food Science Technicians,0.2038,0.0,0,high_low
19-4021,Biological Technicians,0.0599,0.1386577925679423,1,low_low
19-4031,Chemical Technicians,0.3148,0.0,0,high_low
19-4042,"Environmental Science and Protection Technicians, Including Health",0.1444,0.0,0,high_low
19-4043,"Geological Technicians, Except Hydrologic Technicians",0.229,0.0,0,high_low
19-4061,Social Science Research Assistants,0.4393,1.0094287298946198,4,high_high
19-4071,Forest and Conservation Technicians,0.0221,0.0,0,low_low
19-4099,"Life, Physical, and Social Science Technicians, All Other",0.0955,0.0,0,low_low
21-1012,"Educational, Guidance, and Career Counselors and Advisors",0.1182,0.6655574043261231,2,high_high
21-1021,"Child, Family, and School Social Workers",0.0074,0.0,0,low_low
21-1022,Healthcare Social Workers,0.0916,0.0,0,low_low
21-1091,Health Education Specialists,0.1376,0.0,0,high_low
21-2011,Clergy,0.1116,0.5879090404880754,3,high_high
21-2021,"Directors, Religious Activities and Education",0.153,0.0,0,high_low
23-1011,Lawyers,0.1673,0.0,0,high_low
23-1012,Judicial Law Clerks,0.1704,0.0,0,high_low
23-1021,"Administrative Law Judges, Adjudicators, and Hearing Officers",0.3048,0.0,0,high_low
23-1022,"Arbitrators, Mediators, and Conciliators",0.2426,0.0,0,high_low
23-1023,"Judges, Magistrate Judges, and Magistrates",0.3109,0.0,0,high_low
23-2011,Paralegals and Legal Assistants,0.2927,0.0,0,high_low
23-2093,"Title Examiners, Abstractors, and Searchers",0.0216,0.0,0,low_low
25-1011,"Business Teachers, Postsecondary",0.3072,0.9262340543538544,6,high_high
25-1021,"Computer Science Teachers, Postsecondary",0.2414,0.1774819744869661,1,high_low
25-1022,"Mathematical Science Teachers, Postsecondary",0.4305,0.0,0,high_low
25-1032,"Engineering Teachers, Postsecondary",0.3589,0.0,0,high_low
25-1042,"Biological Science Teachers, Postsecondary",0.2914,4.120909595119246,1,high_high
25-1043,"Forestry and Conservation Science Teachers, Postsecondary",0.0206,0.0,0,low_low
25-1051,"Atmospheric, Earth, Marine, and Space Sciences Teachers, Postsecondary",0.0396,0.0,0,low_low
25-1052,"Chemistry Teachers, Postsecondary",0.2185,0.1275651691625069,1,high_low
25-1053,"Environmental Science Teachers, Postsecondary",0.0232,0.0,0,low_low
25-1061,"Anthropology and Archeology Teachers, Postsecondary",0.0236,0.0831946755407653,1,low_low
25-1062,"Area, Ethnic, and Cultural Studies Teachers, Postsecondary",0.0,0.1663893510815306,2,low_low
25-1066,"Psychology Teachers, Postsecondary",0.3219,0.1830282861896838,1,high_low
25-1071,"Health Specialties Teachers, Postsecondary",0.3045,0.0,0,high_low
25-1072,"Nursing Instructors and Teachers, Postsecondary",0.1909,0.0,0,high_low
25-1081,"Education Teachers, Postsecondary",0.2621,0.0,0,high_low
25-1082,"Library Science Teachers, Postsecondary",0.018,0.0,0,low_low
25-1113,"Social Work Teachers, Postsecondary",0.0,0.2495840266222961,1,low_high
25-1121,"Art, Drama, and Music Teachers, Postsecondary",0.2142,0.0,0,high_low
25-1122,"Communications Teachers, Postsecondary",0.2111,0.0,0,high_low
25-1123,"English Language and Literature Teachers, Postsecondary",0.3618,0.2828618968386023,1,high_high
25-1124,"Foreign Language and Literature Teachers, Postsecondary",0.2403,0.6988352745424293,1,high_high
25-1125,"History Teachers, Postsecondary",0.0994,0.160843039378813,1,low_low
25-1126,"Philosophy and Religion Teachers, Postsecondary",0.2197,0.4048807542983915,1,high_high
25-1193,"Recreation and Fitness Studies Teachers, Postsecondary",0.1138,0.2662229617304492,1,high_high
25-1194,"Career/Technical Education Teachers, Postsecondary",0.1563,0.682196339434276,3,high_high
25-2021,"Elementary School Teachers, Except Special Education",0.103,0.1053799223516361,1,low_low
25-2022,"Middle School Teachers, Except Special and Career/Technical Education",0.2972,2.334997226844149,1,high_high
25-2031,"Secondary School Teachers, Except Special and Career/Technical Education",0.2901,0.0,0,high_low
25-2032,"Career/Technical Education Teachers, Secondary School",0.0,0.3882418191902385,1,low_high
25-2051,"Special Education Teachers, Preschool",0.0058,0.088740987243483,1,low_low
25-2057,"Special Education Teachers, Middle School",0.134,0.0,0,high_low
25-2058,"Special Education Teachers, Secondary School",0.0989,0.0,0,low_low
25-2059,"Special Education Teachers, All Other",0.0257,0.0,0,low_low
25-3011,"Adult Basic Education, Adult Secondary Education, and English as a Second Language Instructors",0.0636,1.0260676650027731,3,low_high
25-3021,Self-Enrichment Teachers,0.0662,0.3882418191902385,1,low_high
25-3041,Tutors,0.4077,0.0,0,high_low
25-4011,Archivists,0.1348,0.3383250138657793,1,high_high
25-4012,Curators,0.4123,0.0,0,high_low
25-4022,Librarians and Media Collections Specialists,0.2032,0.0,0,high_low
25-4031,Library Technicians,0.054,0.088740987243483,1,low_low
25-9031,Instructional Coordinators,0.3043,6.283971159179146,5,high_high
25-9044,"Teaching Assistants, Postsecondary",0.1002,0.0,0,low_low
27-1011,Art Directors,0.2098,0.0,0,high_low
27-1012,Craft Artists,0.0539,0.1164725457570715,1,low_low
27-1013,"Fine Artists, Including Painters, Sculptors, and Illustrators",0.3565,0.1774819744869661,1,high_low
27-1014,Special Effects Artists and Animators,0.3571,0.4991680532445923,2,high_high
27-1021,Commercial and Industrial Designers,0.0437,0.0,0,low_low
27-1022,Fashion Designers,0.0568,0.0,0,low_low
27-1024,Graphic Designers,0.3672,0.088740987243483,1,high_low
27-2011,Actors,0.1011,0.5546311702717693,1,low_high
27-2012,Producers and Directors,0.092,0.0,0,low_low
27-2032,Choreographers,0.0801,0.0,0,low_low
27-2041,Music Directors and Composers,0.0368,0.0,0,low_low
27-3011,Broadcast Announcers and Radio Disc Jockeys,0.0634,0.0,0,low_low
27-3023,"News Analysts, Reporters, and Journalists",0.2098,0.0,0,high_low
27-3031,Public Relations Specialists,0.453,0.0,0,high_low
27-3041,Editors,0.246,0.6932889628397115,2,high_high
27-3042,Technical Writers,0.4747,4.203875839370772,3,high_high
27-3043,Writers and Authors,0.2462,1.1092623405435384,4,high_high
27-3091,Interpreters and Translators,0.4304,0.2773155851358846,1,high_high
27-3092,Court Reporters and Simultaneous Captioners,0.3431,0.0,0,high_low
27-4011,Audio and Video Technicians,0.0173,0.0,0,low_low
27-4012,Broadcast Technicians,0.0197,0.0,0,low_low
27-4021,Photographers,0.195,0.0,0,high_low
27-4031,"Camera Operators, Television, Video, and Film",0.1651,0.0,0,high_low
27-4032,Film and Video Editors,0.2234,0.0,0,high_low
29-1021,"Dentists, General",0.0309,0.0,0,low_low
29-1031,Dietitians and Nutritionists,0.1328,0.21630615640598988,2,high_high
29-1051,Pharmacists,0.0896,0.0831946755407653,1,low_low
29-1122,Occupational Therapists,0.008,0.0,0,low_low
29-1123,Physical Therapists,0.0174,0.0,0,low_low
29-1129,"Therapists, All Other",0.0402,0.0,0,low_low
29-1131,Veterinarians,0.0926,0.0,0,low_low
29-1141,Registered Nurses,0.0595,0.0,0,low_low
29-1161,Nurse Midwives,0.052,0.0,0,low_low
29-1171,Nurse Practitioners,0.0944,0.0,0,low_low
29-1216,General Internal Medicine Physicians,0.084,0.0,0,low_low
29-1218,Obstetricians and Gynecologists,0.0685,0.0,0,low_low
29-1222,"Physicians, Pathologists",0.1577,0.0,0,high_low
29-1224,Radiologists,0.199,0.0,0,high_low
29-1229,"Physicians, All Other",0.0297,0.0,0,low_low
29-1299,"Healthcare Diagnosing or Treating Practitioners, All Other",0.0222,0.0,0,low_low
29-2033,Nuclear Medicine Technologists,0.0513,0.0,0,low_low
29-2035,Magnetic Resonance Imaging Technologists,0.039,0.0,0,low_low
29-2051,Dietetic Technicians,0.2446,0.0,0,high_low
29-2052,Pharmacy Technicians,0.0735,0.0,0,low_low
29-2072,Medical Records Specialists,0.6674,0.0,0,high_low
29-2099,"Health Technologists and Technicians, All Other",0.0445,0.0,0,low_low
29-9021,Health Information Technologists and Medical Registrars,0.3063,0.0,0,high_low
29-9091,Athletic Trainers,0.0531,0.0,0,low_low
29-9092,Genetic Counselors,0.0123,0.0,0,low_low
31-2012,Occupational Therapy Aides,0.0661,0.0,0,low_low
31-9092,Medical Assistants,0.0476,0.0,0,low_low
31-9094,Medical Transcriptionists,0.6365,0.0,0,high_low
31-9095,Pharmacy Aides,0.022,0.0,0,low_low
31-9096,Veterinary Assistants and Laboratory Animal Caretakers,0.0179,0.0,0,low_low
33-1011,First-Line Supervisors of Correctional Officers,0.0315,0.0,0,low_low
33-3021,Detectives and Criminal Investigators,0.0374,0.0,0,low_low
33-3051,Police and Sheriff's Patrol Officers,0.1234,0.0,0,high_low
33-9099,"Protective Service Workers, All Other",0.0571,0.0,0,low_low
35-1012,First-Line Supervisors of Food Preparation and Serving Workers,0.0564,0.0,0,low_low
35-2014,"Cooks, Restaurant",0.0116,0.0,0,low_low
35-9031,"Hosts and Hostesses, Restaurant, Lounge, and Coffee Shop",0.0734,0.0998336106489184,1,low_low
37-1011,First-Line Supervisors of Housekeeping and Janitorial Workers,0.0436,0.0,0,low_low
37-1012,"First-Line Supervisors of Landscaping, Lawn Service, and Groundskeeping Workers",0.1083,0.0,0,low_low
37-2021,Pest Control Workers,0.046,0.0,0,low_low
39-1014,"First-Line Supervisors of Entertainment and Recreation Workers, Except Gambling Services",0.0443,0.0,0,low_low
39-1022,First-Line Supervisors of Personal Service Workers,0.0407,0.0,0,low_low
39-3091,Amusement and Recreation Attendants,0.0619,0.0,0,low_low
39-5012,"Hairdressers, Hairstylists, and Cosmetologists",0.0304,0.0,0,low_low
39-6011,Baggage Porters and Bellhops,0.073,0.0,0,low_low
39-6012,Concierges,0.1875,0.0,0,high_low
39-9011,Childcare Workers,0.0122,0.0942872989462007,1,low_low
39-9041,Residential Advisors,0.067,0.0,0,low_low
41-1011,First-Line Supervisors of Retail Sales Workers,0.2627,0.0,0,high_low
41-1012,First-Line Supervisors of Non-Retail Sales Workers,0.2295,0.0,0,high_low
41-2011,Cashiers,0.0846,0.3105934553521908,1,low_high
41-2021,Counter and Rental Clerks,0.2048,0.0,0,high_low
41-2031,Retail Salespersons,0.3222,0.0,0,high_low
41-3011,Advertising Sales Agents,0.1482,0.0,0,high_low
41-3021,Insurance Sales Agents,0.3188,0.0,0,high_low
41-3031,"Securities, Commodities, and Financial Services Sales Agents",0.4413,0.0,0,high_low
41-3041,Travel Agents,0.4054,0.0,0,high_low
41-4011,"Sales Representatives, Wholesale and Manufacturing, Technical and Scientific Products",0.2706,0.160843039378813,1,high_low
41-4012,"Sales Representatives, Wholesale and Manufacturing, Except Technical and Scientific Products",0.6279,0.0,0,high_low
41-9011,Demonstrators and Product Promoters,0.0788,0.0,0,low_low
41-9021,Real Estate Brokers,0.2609,0.0,0,high_low
41-9022,Real Estate Sales Agents,0.2828,0.0,0,high_low
41-9031,Sales Engineers,0.3224,0.0,0,high_low
41-9041,Telemarketers,0.2852,0.0,0,high_low
41-9091,"Door-to-Door Sales Workers, News and Street Vendors, and Related Workers",0.1758,0.0,0,high_low
43-1011,First-Line Supervisors of Office and Administrative Support Workers,0.1856,0.0,0,high_low
43-2011,"Switchboard Operators, Including Answering Service",0.3863,0.0,0,high_low
43-3011,Bill and Account Collectors,0.2989,0.0,0,high_low
43-3021,Billing and Posting Clerks,0.1924,0.0,0,high_low
43-3031,"Bookkeeping, Accounting, and Auditing Clerks",0.3104,0.1164725457570715,1,high_low
43-3041,Gambling Cage Workers,0.0653,0.0,0,low_low
43-3051,Payroll and Timekeeping Clerks,0.0487,0.0,0,low_low
43-3061,Procurement Clerks,0.2436,0.0,0,high_low
43-3071,Tellers,0.0231,0.0,0,low_low
43-4011,Brokerage Clerks,0.1744,0.0,0,high_low
43-4021,Correspondence Clerks,0.2786,0.1331114808652246,1,high_low
43-4031,"Court, Municipal, and License Clerks",0.102,0.0,0,low_low
43-4041,"Credit Authorizers, Checkers, and Clerks",0.1296,0.0,0,high_low
43-4051,Customer Service Representatives,0.7011,0.0,0,high_low
43-4061,"Eligibility Interviewers, Government Programs",0.0597,0.0,0,low_low
43-4071,File Clerks,0.1568,0.0,0,high_low
43-4081,"Hotel, Motel, and Resort Desk Clerks",0.1725,0.0,0,high_low
43-4111,"Interviewers, Except Eligibility and Loan",0.3851,0.0,0,high_low
43-4121,"Library Assistants, Clerical",0.0978,0.1053799223516361,1,low_low
43-4131,Loan Interviewers and Clerks,0.2022,0.0,0,high_low
43-4151,Order Clerks,0.0748,0.0,0,low_low
43-4161,"Human Resources Assistants, Except Payroll and Timekeeping",0.4046,0.0,0,high_low
43-4171,Receptionists and Information Clerks,0.4338,0.0,0,high_low
43-4181,Reservation and Transportation Ticket Agents and Travel Clerks,0.2467,0.0,0,high_low
43-5011,Cargo and Freight Agents,0.0165,0.0,0,low_low
43-5021,Couriers and Messengers,0.0412,0.0,0,low_low
43-5031,Public Safety Telecommunicators,0.0465,0.0,0,low_low
43-5032,"Dispatchers, Except Police, Fire, and Ambulance",0.2258,0.0,0,high_low
43-5061,"Production, Planning, and Expediting Clerks",0.0934,0.0,0,low_low
43-6011,Executive Secretaries and Executive Administrative Assistants,0.2336,0.0,0,high_low
43-6013,Medical Secretaries and Administrative Assistants,0.3623,0.0,0,high_low
43-6014,"Secretaries and Administrative Assistants, Except Legal, Medical, and Executive",0.4528,0.4603438713255684,3,high_high
43-9021,Data Entry Keyers,0.6707,0.0,0,high_low
43-9022,Word Processors and Typists,0.2385,0.3216860787576261,1,high_high
43-9031,Desktop Publishers,0.464,0.0,0,high_low
43-9041,Insurance Claims and Policy Processing Clerks,0.1467,0.0,0,high_low
43-9061,"Office Clerks, General",0.4504,0.4825291181364393,1,high_high
43-9071,"Office Machine Operators, Except Computer",0.0239,0.0,0,low_low
43-9081,Proofreaders and Copy Markers,0.1781,0.0,0,high_low
43-9111,Statistical Assistants,0.5099,1.2811980033277868,3,high_high
45-2092,"Farmworkers and Laborers, Crop, Nursery, and Greenhouse",0.0203,0.2218524681087077,1,low_high
47-1011,First-Line Supervisors of Construction Trades and Extraction Workers,0.0296,0.0,0,low_low
47-2061,Construction Laborers,0.0281,0.0,0,low_low
47-2132,"Insulation Workers, Mechanical",0.0439,0.0,0,low_low
47-2152,"Plumbers, Pipefitters, and Steamfitters",0.0116,0.0,0,low_low
47-2181,Roofers,0.0157,0.0,0,low_low
47-2221,Structural Iron and Steel Workers,0.0491,0.0,0,low_low
47-4011,Construction and Building Inspectors,0.0481,0.0,0,low_low
49-1011,"First-Line Supervisors of Mechanics, Installers, and Repairers",0.1015,0.0,0,low_low
49-2011,"Computer, Automated Teller, and Office Machine Repairers",0.1067,0.1164725457570715,1,low_low
49-2022,"Telecommunications Equipment Installers and Repairers, Except Line Installers",0.0333,0.0,0,low_low
49-2098,Security and Fire Alarm Systems Installers,0.0303,0.0,0,low_low
49-9021,"Heating, Air Conditioning, and Refrigeration Mechanics and Installers",0.0191,0.0,0,low_low
49-9041,Industrial Machinery Mechanics,0.0239,0.0,0,low_low
49-9061,Camera and Photographic Equipment Repairers,0.0412,0.0,0,low_low
51-2011,"Aircraft Structure, Surfaces, Rigging, and Systems Assemblers",0.0494,0.0,0,low_low
51-2061,Timing Device Assemblers and Adjusters,0.0392,0.0,0,low_low
51-5111,Prepress Technicians and Workers,0.1018,0.0,0,low_low
51-6052,"Tailors, Dressmakers, and Custom Sewers",0.0342,0.0942872989462007,1,low_low
51-6061,Textile Bleaching and Dyeing Machine Operators and Tenders,0.0211,0.0,0,low_low
51-6062,"Textile Cutting Machine Setters, Operators, and Tenders",0.0152,0.0,0,low_low
51-6063,"Textile Knitting and Weaving Machine Setters, Operators, and Tenders",0.032,0.0,0,low_low
51-7032,"Patternmakers, Wood",0.0301,0.1552967276760954,1,low_low
51-8013,Power Plant Operators,0.0257,0.0,0,low_low
51-8092,Gas Plant Operators,0.0723,0.0,0,low_low
51-8093,"Petroleum Pump System Operators, Refinery Operators, and Gaugers",0.0405,0.0,0,low_low
51-9021,"Crushing, Grinding, and Polishing Machine Setters, Operators, and Tenders",0.0425,0.0,0,low_low
51-9032,"Cutting and Slicing Machine Setters, Operators, and Tenders",0.0321,0.0,0,low_low
51-9061,"Inspectors, Testers, Sorters, Samplers, and Weighers",0.0324,0.14420410427066,1,low_low
51-9151,Photographic Process Workers and Processing Machine Operators,0.0108,0.0,0,low_low
51-9161,Computer Numerically Controlled Tool Operators,0.0215,0.0,0,low_low
51-9162,Computer Numerically Controlled Tool Programmers,0.1207,0.0,0,high_low
51-9198,Helpers--Production Workers,0.0393,0.0,0,low_low
53-2022,Airfield Operations Specialists,0.0476,0.0,0,low_low
53-2031,Flight Attendants,0.0913,0.0,0,low_low
53-3031,Driver/Sales Workers,0.0281,0.0,0,low_low
53-6061,Passenger Attendants,0.1169,0.0,0,high_low
